Date,SORA,Compound SORA - 3 month,Compound SORA - 6 month
3/1/2017,0.2354,0.1478,0.14
4/1/2017,0.1257,0.1488,0.1399
5/1/2017,0.104,0.1494,0.1399
6/1/2017,0.1122,0.1498,0.1403
9/1/2017,0.0523,0.149,0.1402
10/1/2017,0.0301,0.1485,0.1399
11/1/2017,0.0378,0.1476,0.1398
12/1/2017,0.0555,0.147,0.1398
13/1/2017,0.1292,0.149,0.1405
16/1/2017,0.1119,0.1493,0.1405
17/1/2017,0.1605,0.1507,0.1407
18/1/2017,0.1319,0.1518,0.1411
19/1/2017,0.0983,0.1523,0.1413
20/1/2017,0.0598,0.1502,0.1368
23/1/2017,0.0799,0.1493,0.1354
24/1/2017,0.0865,0.1482,0.1339
25/1/2017,0.0685,0.148,0.1309
26/1/2017,0.1849,0.1493,0.1276
27/1/2017,0.5198,0.1681,0.126
31/1/2017,0.1388,0.1688,0.1248
1/2/2017,0.1208,0.1693,0.1244
2/2/2017,0.2009,0.1706,0.1251
3/2/2017,0.4127,0.182,0.1315
6/2/2017,0.3364,0.1848,0.1332
7/2/2017,0.1171,0.1855,0.1338
8/2/2017,0.1515,0.1863,0.1345
9/2/2017,0.338,0.189,0.1363
10/2/2017,0.5471,0.2051,0.1449
13/2/2017,0.6944,0.2123,0.1486
14/2/2017,0.3852,0.2154,0.1506
15/2/2017,0.1524,0.2162,0.1511
16/2/2017,0.0975,0.2165,0.1513
17/2/2017,0.1687,0.2203,0.1524
20/2/2017,0.156,0.2215,0.1528
21/2/2017,0.5143,0.2259,0.1552
22/2/2017,0.6109,0.2316,0.1582
23/2/2017,0.5746,0.2371,0.1609
24/2/2017,0.2226,0.2365,0.1629
27/2/2017,0.3106,0.2364,0.1635
28/2/2017,0.4731,0.2413,0.163
1/3/2017,0.305,0.2442,0.1641
2/3/2017,0.1629,0.2455,0.1646
3/3/2017,0.183,0.2494,0.1663
6/3/2017,0.2365,0.2507,0.1673
7/3/2017,0.1343,0.2515,0.1679
8/3/2017,0.0555,0.2509,0.1681
9/3/2017,0.1194,0.251,0.1686
10/3/2017,0.1532,0.2517,0.1707
13/3/2017,0.1035,0.2486,0.171
14/3/2017,0.1423,0.246,0.1714
15/3/2017,0.1113,0.243,0.1718
16/3/2017,0.3634,0.2442,0.1736
17/3/2017,0.4885,0.2509,0.1809
20/3/2017,0.6229,0.2545,0.1841
21/3/2017,0.343,0.2558,0.1857
22/3/2017,0.3168,0.2582,0.1872
23/3/2017,0.1248,0.2572,0.1876
24/3/2017,0.2633,0.2592,0.191
27/3/2017,0.2306,0.2585,0.1918
28/3/2017,0.195,0.2562,0.1922
29/3/2017,0.4827,0.257,0.1938
30/3/2017,0.4343,0.2567,0.1952
31/3/2017,0.5687,0.2604,0.2025
3/4/2017,0.6962,0.2655,0.2061
4/4/2017,0.3758,0.2683,0.2079
5/4/2017,0.3076,0.2705,0.2094
6/4/2017,0.2147,0.2717,0.2102
7/4/2017,0.1849,0.2748,0.2113
10/4/2017,0.2675,0.2774,0.2123
11/4/2017,0.3735,0.2811,0.2137
12/4/2017,0.4849,0.2859,0.2157
13/4/2017,0.7076,0.3118,0.2297
17/4/2017,0.4296,0.3148,0.2319
18/4/2017,0.3628,0.3174,0.2337
19/4/2017,0.247,0.319,0.2348
20/4/2017,0.362,0.3224,0.2365
21/4/2017,0.4809,0.3362,0.2418
24/4/2017,0.4397,0.3402,0.2432
25/4/2017,0.4835,0.3448,0.2454
26/4/2017,0.5996,0.3494,0.2483
27/4/2017,0.3922,0.348,0.2501
28/4/2017,0.4526,0.3518,0.2591
2/5/2017,0.446,0.3545,0.2611
3/5/2017,0.512,0.3557,0.2637
4/5/2017,0.3957,0.3555,0.2655
5/5/2017,0.469,0.3615,0.2721
8/5/2017,0.4946,0.3654,0.2744
9/5/2017,0.4974,0.3666,0.279
11/5/2017,0.505,0.3662,0.2816
12/5/2017,0.5746,0.3673,0.2902
15/5/2017,0.5159,0.3713,0.2926
16/5/2017,0.7252,0.3784,0.2962
17/5/2017,0.582,0.383,0.2991
18/5/2017,0.5199,0.387,0.3017
19/5/2017,0.5588,0.3964,0.3099
22/5/2017,0.5613,0.3959,0.3125
23/5/2017,0.4187,0.3941,0.3144
24/5/2017,0.4127,0.3962,0.3163
25/5/2017,0.3323,0.3975,0.3163
26/5/2017,0.4495,0.4021,0.3192
29/5/2017,0.3589,0.4017,0.3198
30/5/2017,0.4404,0.4021,0.3205
31/5/2017,0.4503,0.4018,0.3226
1/6/2017,0.3647,0.4025,0.3243
2/6/2017,0.5698,0.4153,0.3329
5/6/2017,0.6237,0.4201,0.3358
6/6/2017,0.711,0.4253,0.3391
7/6/2017,0.8227,0.4328,0.3433
8/6/2017,0.4644,0.4372,0.3452
9/6/2017,0.2618,0.4411,0.3477
12/6/2017,0.2335,0.442,0.3481
13/6/2017,0.0917,0.4419,0.3464
14/6/2017,0.1126,0.4416,0.345
15/6/2017,0.1495,0.442,0.3437
16/6/2017,0.1433,0.4321,0.342
19/6/2017,0.1576,0.4285,0.3408
20/6/2017,0.1526,0.4234,0.34
21/6/2017,0.276,0.4226,0.3403
22/6/2017,0.4513,0.4241,0.3422
23/6/2017,1.1334,0.4635,0.3626
27/6/2017,0.73,0.4689,0.365
28/6/2017,0.9212,0.4768,0.3679
29/6/2017,1.1955,0.4846,0.3722
30/6/2017,0.8239,0.4935,0.3778
3/7/2017,0.8275,0.495,0.381
4/7/2017,1.214,0.5042,0.3871
5/7/2017,1.2275,0.5143,0.3933
6/7/2017,0.9298,0.5222,0.3978
7/7/2017,1.1808,0.5551,0.4159
10/7/2017,1.1877,0.5652,0.4223
11/7/2017,1.068,0.5728,0.428
12/7/2017,0.9984,0.5785,0.4332
13/7/2017,0.5523,0.5768,0.4356
14/7/2017,0.3909,0.5663,0.44
17/7/2017,0.3072,0.565,0.4408
18/7/2017,0.2644,0.5639,0.4415
19/7/2017,0.4248,0.5658,0.4433
20/7/2017,0.5738,0.5682,0.4462
21/7/2017,0.6979,0.5753,0.4567
24/7/2017,0.7706,0.579,0.4605
25/7/2017,0.78,0.5822,0.4644
26/7/2017,0.7354,0.5837,0.4675
27/7/2017,0.5795,0.5858,0.4678
28/7/2017,0.7337,0.5935,0.4713
31/7/2017,0.986,0.5993,0.476
1/8/2017,0.8904,0.6041,0.4803
2/8/2017,0.9353,0.6094,0.4844
3/8/2017,0.6009,0.6104,0.4854
4/8/2017,0.6899,0.6184,0.4904
7/8/2017,0.4968,0.6187,0.4925
8/8/2017,0.4332,0.6173,0.4946
10/8/2017,0.3925,0.6162,0.4938
11/8/2017,0.4601,0.6132,0.4915
14/8/2017,0.6628,0.6142,0.493
15/8/2017,0.7048,0.6162,0.4961
16/8/2017,0.7716,0.6167,0.4998
17/8/2017,0.6699,0.6177,0.5026
18/8/2017,0.8218,0.6267,0.5135
21/8/2017,0.8527,0.6299,0.5154
22/8/2017,0.9036,0.6336,0.517
23/8/2017,0.9766,0.6397,0.5193
24/8/2017,1.0179,0.6463,0.5237
25/8/2017,1.2455,0.6736,0.5402
28/8/2017,1.137,0.6811,0.5435
29/8/2017,0.5851,0.6835,0.5437
30/8/2017,0.2874,0.6819,0.5423
31/8/2017,0.5189,0.6832,0.5475
4/9/2017,0.8749,0.6865,0.5513
5/9/2017,0.8973,0.6895,0.5552
6/9/2017,0.7411,0.6898,0.5579
7/9/2017,0.5901,0.6873,0.5604
8/9/2017,0.7084,0.6997,0.5702
11/9/2017,0.8189,0.7057,0.5738
12/9/2017,0.7175,0.711,0.5769
13/9/2017,0.4524,0.7149,0.5788
14/9/2017,0.3192,0.7172,0.5798
15/9/2017,0.2772,0.7215,0.579
18/9/2017,0.5204,0.7256,0.5792
19/9/2017,0.5091,0.7294,0.5793
20/9/2017,0.6871,0.7352,0.5797
21/9/2017,0.6471,0.7393,0.5813
22/9/2017,0.7077,0.7328,0.5891
25/9/2017,0.59,0.7269,0.5909
26/9/2017,0.5617,0.7207,0.5925
27/9/2017,0.6652,0.7199,0.5948
28/9/2017,0.5562,0.716,0.5968
29/9/2017,0.5979,0.7045,0.5986
2/10/2017,0.5872,0.702,0.5987
3/10/2017,0.5746,0.6992,0.5981
4/10/2017,0.3605,0.6899,0.598
5/10/2017,0.4652,0.6816,0.5989
6/10/2017,0.6093,0.6657,0.6057
9/10/2017,0.6312,0.6597,0.6081
10/10/2017,0.5824,0.6531,0.6098
11/10/2017,0.6725,0.6488,0.6115
12/10/2017,0.6971,0.6455,0.6127
13/10/2017,0.6888,0.6535,0.6123
16/10/2017,0.6978,0.6568,0.6123
17/10/2017,0.6918,0.6657,0.6155
19/10/2017,1.011,0.6721,0.6197
20/10/2017,1.3715,0.6954,0.635
23/10/2017,1.4066,0.7031,0.6401
24/10/2017,1.2133,0.708,0.6443
25/10/2017,1.3334,0.714,0.649
26/10/2017,1.1275,0.7182,0.6519
27/10/2017,1.1225,0.7326,0.6632
30/10/2017,1.1744,0.7374,0.666
31/10/2017,1.0968,0.7386,0.6695
1/11/2017,1.04,0.7403,0.6727
2/11/2017,0.7605,0.7384,0.6745
3/11/2017,0.8203,0.7436,0.6804
6/11/2017,0.7117,0.7438,0.6817
7/11/2017,0.7264,0.7463,0.6831
8/11/2017,0.8014,0.7503,0.6848
9/11/2017,0.8199,0.7545,0.6865
10/11/2017,1.0026,0.773,0.6943
13/11/2017,0.6976,0.7756,0.695
14/11/2017,0.6693,0.7757,0.6955
15/11/2017,0.5585,0.7741,0.6958
16/11/2017,0.543,0.7716,0.6948
17/11/2017,0.5547,0.7645,0.6948
20/11/2017,0.49,0.7609,0.6944
21/11/2017,0.2509,0.7543,0.6927
22/11/2017,0.1709,0.7464,0.6906
23/11/2017,0.3673,0.7397,0.6903
24/11/2017,0.5353,0.719,0.6926
27/11/2017,0.6674,0.7127,0.6937
28/11/2017,0.7853,0.7089,0.6956
29/11/2017,1.1968,0.7155,0.7001
30/11/2017,1.2592,0.7284,0.706
1/12/2017,1.2101,0.7512,0.7177
4/12/2017,0.992,0.7525,0.72
5/12/2017,0.8293,0.7518,0.7211
6/12/2017,0.7437,0.7518,0.7213
7/12/2017,0.7247,0.7533,0.7207
8/12/2017,0.782,0.7557,0.7282
11/12/2017,0.8323,0.7558,0.7313
12/12/2017,0.9218,0.7581,0.7351
13/12/2017,0.8442,0.7624,0.7392
14/12/2017,0.755,0.7672,0.7427
15/12/2017,0.7399,0.7825,0.7525
18/12/2017,0.8309,0.7859,0.7563
19/12/2017,0.9375,0.7906,0.7606
20/12/2017,0.931,0.7933,0.7648
21/12/2017,1.0005,0.7972,0.7688
22/12/2017,1.2709,0.8233,0.7756
26/12/2017,1.196,0.8303,0.7759
27/12/2017,0.9589,0.8335,0.7772
28/12/2017,0.759,0.8358,0.7763
29/12/2017,0.8605,0.8446,0.7753
2/1/2018,0.7915,0.8468,0.7752
3/1/2018,1.0355,0.8519,0.7763
4/1/2018,0.6058,0.8545,0.773
5/1/2018,0.3425,0.8474,0.7604
8/1/2018,0.0458,0.8413,0.7542
9/1/2018,0.056,0.835,0.748
10/1/2018,0.1294,0.8301,0.7423
11/1/2018,0.066,0.8234,0.7368
12/1/2018,0.4538,0.8157,0.7336
15/1/2018,0.1639,0.81,0.7324
16/1/2018,0.0973,0.8034,0.7308
17/1/2018,0.138,0.7974,0.7299
18/1/2018,0.0868,0.7908,0.7289
19/1/2018,0.6715,0.7719,0.7306
22/1/2018,0.6374,0.7639,0.7303
23/1/2018,0.1786,0.7505,0.7275
24/1/2018,0.1183,0.7386,0.7239
25/1/2018,0.0602,0.7247,0.72
26/1/2018,0.1977,0.6944,0.7121
29/1/2018,0.2863,0.6853,0.7096
30/1/2018,0.6653,0.6798,0.7092
31/1/2018,0.8294,0.6769,0.7084
1/2/2018,0.7742,0.674,0.7078
2/2/2018,0.9899,0.6802,0.7118
5/2/2018,0.5491,0.6772,0.711
6/2/2018,0.6143,0.6762,0.7106
7/2/2018,0.6509,0.6753,0.7115
8/2/2018,0.8123,0.6755,0.7135
9/2/2018,1.3314,0.6882,0.7283
12/2/2018,1.391,0.6924,0.7334
13/2/2018,1.1126,0.6969,0.7369
14/2/2018,0.6005,0.6962,0.7366
15/2/2018,0.5852,0.6976,0.7332
19/2/2018,0.7581,0.6998,0.7328
20/2/2018,0.916,0.7045,0.7333
21/2/2018,1.1141,0.7139,0.7348
22/2/2018,1.2325,0.7254,0.7366
23/2/2018,1.5934,0.7618,0.745
26/2/2018,1.6497,0.7739,0.7472
27/2/2018,1.5178,0.7832,0.7487
28/2/2018,0.5943,0.7711,0.7503
1/3/2018,0.3726,0.7618,0.7495
2/3/2018,0.5802,0.7432,0.7486
5/3/2018,0.8453,0.7434,0.7483
6/3/2018,0.7439,0.7434,0.7483
7/3/2018,0.9541,0.7459,0.7503
8/3/2018,0.8161,0.7463,0.7509
9/3/2018,0.8321,0.7474,0.7524
12/3/2018,0.7758,0.7458,0.7527
13/3/2018,0.5956,0.743,0.7535
14/3/2018,0.5853,0.7412,0.755
15/3/2018,0.5777,0.7393,0.7566
16/3/2018,0.2856,0.7232,0.7554
19/3/2018,0.5764,0.7191,0.7558
20/3/2018,0.671,0.7163,0.7557
21/3/2018,0.9127,0.7153,0.7572
22/3/2018,0.7604,0.7096,0.7575
23/3/2018,0.7599,0.6925,0.759
26/3/2018,0.6705,0.6867,0.7596
27/3/2018,0.7152,0.684,0.7599
28/3/2018,0.5858,0.682,0.76
29/3/2018,0.7834,0.6786,0.7632
2/4/2018,0.6773,0.6773,0.7637
3/4/2018,0.5953,0.6724,0.7639
4/4/2018,0.4255,0.6704,0.7642
5/4/2018,0.1524,0.6683,0.7625
6/4/2018,0.1727,0.666,0.7553
9/4/2018,0.1867,0.6674,0.7528
10/4/2018,0.2671,0.6689,0.7511
11/4/2018,0.2775,0.6713,0.7489
12/4/2018,0.2905,0.6695,0.7467
13/4/2018,0.3699,0.6699,0.7414
16/4/2018,0.3521,0.6727,0.7395
17/4/2018,0.3924,0.6756,0.7378
18/4/2018,0.4361,0.6795,0.7364
19/4/2018,1.0692,0.6839,0.7367
20/4/2018,1.3329,0.7063,0.7361
23/4/2018,1.1291,0.7169,0.7346
24/4/2018,0.8744,0.7253,0.7327
25/4/2018,0.8638,0.7343,0.7301
26/4/2018,0.9956,0.7432,0.7294
27/4/2018,1.756,0.7942,0.7399
30/4/2018,1.4725,0.8108,0.7419
2/5/2018,1.1115,0.8121,0.7439
3/5/2018,1.0984,0.8133,0.7454
4/5/2018,1.1747,0.8288,0.7519
7/5/2018,1.3977,0.8372,0.7556
8/5/2018,1.5624,0.8456,0.7598
9/5/2018,1.5366,0.8479,0.7638
10/5/2018,0.9983,0.8442,0.7638
11/5/2018,0.8759,0.8306,0.7634
14/5/2018,0.9905,0.835,0.7652
15/5/2018,0.7019,0.8363,0.766
16/5/2018,0.6264,0.8368,0.7664
17/5/2018,0.4188,0.8349,0.7657
18/5/2018,0.4564,0.8249,0.7644
21/5/2018,0.6761,0.8199,0.7667
22/5/2018,0.6852,0.8138,0.7696
23/5/2018,1.2815,0.8103,0.7747
24/5/2018,1.0365,0.804,0.7774
25/5/2018,1.4118,0.7981,0.7913
28/5/2018,1.5135,0.8139,0.7971
30/5/2018,1.5544,0.822,0.8013
31/5/2018,1.1205,0.8277,0.8005
1/6/2018,0.9958,0.8435,0.797
4/6/2018,1.431,0.8528,0.7994
5/6/2018,1.5185,0.8601,0.8032
6/6/2018,1.4606,0.8679,0.8072
7/6/2018,1.0974,0.8695,0.8092
8/6/2018,1.1256,0.8793,0.8149
11/6/2018,1.0994,0.8822,0.8164
12/6/2018,0.789,0.8823,0.8156
13/6/2018,0.5849,0.8822,0.8142
14/6/2018,0.7504,0.896,0.8144
18/6/2018,0.5232,0.8986,0.8127
19/6/2018,0.4036,0.8967,0.8097
20/6/2018,0.4929,0.8948,0.8073
21/6/2018,0.5651,0.891,0.8049
22/6/2018,0.4658,0.8814,0.7916
25/6/2018,0.6866,0.8806,0.7883
26/6/2018,0.9323,0.8834,0.7869
27/6/2018,0.8223,0.8846,0.7861
28/6/2018,0.8296,0.8872,0.7865
29/6/2018,1.3426,0.9068,0.7941
2/7/2018,0.9918,0.9103,0.7952
3/7/2018,0.916,0.9138,0.7946
4/7/2018,0.8344,0.9183,0.7958
5/7/2018,0.8786,0.9263,0.7988
6/7/2018,1.4412,0.9683,0.8187
9/7/2018,1.4302,0.982,0.8264
10/7/2018,1.4064,0.9945,0.8334
11/7/2018,1.3745,1.0066,0.8407
12/7/2018,1.2384,1.017,0.8451
13/7/2018,1.1951,1.0443,0.859
16/7/2018,1.1635,1.0532,0.8649
17/7/2018,0.7706,1.0574,0.8684
18/7/2018,0.8579,1.0621,0.8727
19/7/2018,0.9735,1.061,0.8744
20/7/2018,1.0492,1.0516,0.8809
23/7/2018,1.4072,1.0547,0.8877
24/7/2018,1.4046,1.0605,0.8948
25/7/2018,0.9908,1.0619,0.9
26/7/2018,1.1911,1.0641,0.9055
27/7/2018,1.4968,1.0555,0.9266
30/7/2018,1.5623,1.0611,0.9316
31/7/2018,1.7311,1.0639,0.9366
1/8/2018,1.8083,1.0675,0.9424
2/8/2018,1.6714,1.0737,0.9461
3/8/2018,1.8187,1.0955,0.9624
6/8/2018,1.8285,1.1027,0.9691
7/8/2018,1.4463,1.1032,0.9735
8/8/2018,1.3192,1.0982,0.9763
10/8/2018,1.4192,1.1146,0.9774
13/8/2018,1.7705,1.1244,0.9811
14/8/2018,1.4315,1.1292,0.9857
15/8/2018,1.6876,1.1399,0.9918
16/8/2018,1.0175,1.1442,0.9942
17/8/2018,0.8028,1.1559,0.9969
20/8/2018,0.7479,1.1591,0.9959
21/8/2018,1.224,1.1709,0.9965
23/8/2018,1.1864,1.1699,0.9942
24/8/2018,1.546,1.1784,0.9931
27/8/2018,1.5029,1.1794,0.9931
28/8/2018,1.3932,1.1781,0.9953
29/8/2018,1.358,1.1764,0.9973
30/8/2018,1.1073,1.1715,0.9979
31/8/2018,1.0628,1.1723,1.0069
3/9/2018,0.9531,1.1719,1.0089
4/9/2018,1.0603,1.1678,1.0116
5/9/2018,0.6039,1.1578,1.0102
6/9/2018,0.68,1.1493,1.0099
7/9/2018,0.7885,1.1386,1.0086
10/9/2018,0.6444,1.1334,1.0076
11/9/2018,0.6249,1.1282,1.0064
12/9/2018,0.8635,1.129,1.0069
13/9/2018,0.8372,1.1318,1.0082
14/9/2018,1.0121,1.1403,1.0169
17/9/2018,1.2431,1.1457,1.0221
18/9/2018,1.2587,1.1537,1.0275
19/9/2018,1.3053,1.1635,1.0314
20/9/2018,1.3883,1.1733,1.0354
21/9/2018,1.4172,1.2033,1.0453
24/9/2018,1.1161,1.2104,1.0472
25/9/2018,1.2211,1.2162,1.0498
26/9/2018,1.0801,1.2179,1.052
27/9/2018,1.011,1.2199,1.0536
28/9/2018,1.1084,1.2178,1.0615
1/10/2018,1.1854,1.2161,1.0637
2/10/2018,1.0854,1.2172,1.066
3/10/2018,1.1103,1.2193,1.0688
4/10/2018,1.273,1.2241,1.0734
5/10/2018,1.2754,1.2248,1.0917
8/10/2018,1.0762,1.2208,1.0967
9/10/2018,1.1576,1.2178,1.102
10/10/2018,1.0035,1.2134,1.1061
11/10/2018,1.1007,1.2104,1.1106
12/10/2018,1.1695,1.2091,1.1242
15/10/2018,1.1025,1.2081,1.1282
16/10/2018,0.941,1.2057,1.1315
17/10/2018,1.0147,1.2084,1.1349
18/10/2018,1.1154,1.2112,1.1386
19/10/2018,1.3026,1.2203,1.1396
22/10/2018,1.2159,1.2221,1.1389
23/10/2018,1.2068,1.2199,1.1394
24/10/2018,1.3389,1.2192,1.1419
25/10/2018,1.3532,1.2231,1.1446
26/10/2018,1.2862,1.2196,1.141
29/10/2018,1.3056,1.2175,1.1386
30/10/2018,1.3336,1.215,1.1397
31/10/2018,1.4498,1.2119,1.1395
1/11/2018,1.5274,1.2089,1.1398
2/11/2018,1.5642,1.2022,1.147
5/11/2018,1.3473,1.1918,1.1489
7/11/2018,1.2537,1.1897,1.1481
8/11/2018,1.2862,1.1893,1.1466
9/11/2018,1.263,1.1853,1.1486
12/11/2018,1.2342,1.1833,1.1506
13/11/2018,1.2595,1.1777,1.1527
14/11/2018,1.1703,1.1749,1.1537
15/11/2018,1.4816,1.1726,1.1579
16/11/2018,1.8768,1.2054,1.1805
19/11/2018,1.9294,1.2177,1.1886
20/11/2018,1.5162,1.2261,1.1944
21/11/2018,1.7144,1.2314,1.2
22/11/2018,1.5247,1.2347,1.2046
23/11/2018,1.5637,1.2392,1.2099
26/11/2018,1.462,1.2383,1.2102
27/11/2018,1.3705,1.2368,1.2099
28/11/2018,1.3427,1.2363,1.209
29/11/2018,1.8059,1.2412,1.2106
30/11/2018,1.9655,1.2724,1.224
3/12/2018,1.8987,1.2829,1.2289
4/12/2018,1.6113,1.2889,1.2299
5/12/2018,1.2463,1.296,1.2284
6/12/2018,0.4604,1.2936,1.2229
7/12/2018,1.1288,1.3049,1.2231
10/12/2018,1.1137,1.31,1.2231
11/12/2018,1.3151,1.3176,1.2243
12/12/2018,1.6167,1.3259,1.2288
13/12/2018,1.5868,1.3342,1.2343
14/12/2018,1.5526,1.3521,1.2476
17/12/2018,1.4564,1.3544,1.2514
18/12/2018,1.5719,1.3579,1.2572
19/12/2018,1.9044,1.3645,1.2655
20/12/2018,2.0203,1.3715,1.2739
21/12/2018,2.0633,1.3928,1.2997
24/12/2018,1.9447,1.4099,1.3147
26/12/2018,2.1772,1.422,1.3216
27/12/2018,1.7089,1.4297,1.3264
28/12/2018,1.846,1.4504,1.3376
31/12/2018,1.7645,1.4639,1.3423
2/1/2019,1.2781,1.466,1.3438
3/1/2019,0.9545,1.4643,1.344
4/1/2019,1.264,1.464,1.3475
7/1/2019,1.147,1.4626,1.3459
8/1/2019,1.1236,1.4631,1.3442
9/1/2019,1.1964,1.4635,1.3429
10/1/2019,1.0776,1.4643,1.3411
11/1/2019,1.1299,1.4638,1.3388
14/1/2019,1.1263,1.4633,1.3384
15/1/2019,1.0919,1.4632,1.3379
16/1/2019,1.3666,1.4678,1.339
17/1/2019,1.5422,1.4736,1.3432
18/1/2019,1.6371,1.4866,1.3543
21/1/2019,1.4506,1.4882,1.3565
22/1/2019,1.7363,1.4939,1.3603
23/1/2019,1.8543,1.5009,1.3627
24/1/2019,1.9116,1.5072,1.3655
25/1/2019,1.7582,1.5219,1.3742
28/1/2019,1.8305,1.5278,1.3761
29/1/2019,1.89,1.5342,1.3782
30/1/2019,1.9188,1.5406,1.3802
31/1/2019,1.8978,1.5455,1.3811
1/2/2019,1.6472,1.5486,1.3791
4/2/2019,1.7538,1.5595,1.378
7/2/2019,1.6384,1.5637,1.379
8/2/2019,1.8156,1.5816,1.3866
11/2/2019,1.7735,1.5871,1.3886
12/2/2019,1.7882,1.5932,1.3906
13/2/2019,1.7162,1.5982,1.3903
14/2/2019,1.6528,1.6034,1.3915
15/2/2019,1.5548,1.5972,1.3978
18/2/2019,1.558,1.5937,1.402
19/2/2019,1.7053,1.5913,1.4069
20/2/2019,1.5467,1.5916,1.4113
21/2/2019,1.5324,1.5896,1.413
22/2/2019,1.707,1.5947,1.4194
25/2/2019,1.6459,1.5956,1.4199
26/2/2019,1.5746,1.5969,1.4201
27/2/2019,1.4256,1.5975,1.4196
28/2/2019,1.6556,1.5944,1.425
1/3/2019,1.8033,1.5897,1.438
4/3/2019,1.4282,1.5877,1.44
5/3/2019,1.3116,1.5884,1.4439
6/3/2019,1.2044,1.5967,1.4469
7/3/2019,1.2488,1.598,1.4494
8/3/2019,1.099,1.5972,1.4554
11/3/2019,1.1414,1.5953,1.4583
12/3/2019,1.0192,1.5886,1.4592
13/3/2019,1.0662,1.5828,1.4604
14/3/2019,1.0579,1.5773,1.4607
15/3/2019,1.2407,1.5679,1.4632
18/3/2019,1.2236,1.564,1.463
19/3/2019,1.4223,1.5586,1.4637
20/3/2019,1.5833,1.5538,1.4648
21/3/2019,1.6409,1.5491,1.466
22/3/2019,1.6422,1.5363,1.4714
25/3/2019,1.5807,1.5322,1.4734
26/3/2019,1.6774,1.5267,1.4768
27/3/2019,1.8564,1.5283,1.4815
28/3/2019,1.8534,1.5284,1.4856
29/3/2019,2.2358,1.5423,1.5023
1/4/2019,1.5456,1.5399,1.5043
2/4/2019,1.5339,1.5428,1.5068
3/4/2019,1.4935,1.5488,1.5089
4/4/2019,1.4388,1.5507,1.5098
5/4/2019,1.7328,1.5677,1.5174
8/4/2019,1.787,1.5751,1.5213
9/4/2019,1.7875,1.5817,1.5248
10/4/2019,1.7077,1.5887,1.5287
11/4/2019,1.6421,1.5944,1.5317
12/4/2019,1.6636,1.6123,1.5399
15/4/2019,1.6009,1.618,1.5427
16/4/2019,1.6481,1.6212,1.5466
17/4/2019,1.6017,1.6218,1.5499
18/4/2019,1.7528,1.6291,1.5609
22/4/2019,1.7772,1.6295,1.564
23/4/2019,1.7087,1.6279,1.5667
24/4/2019,1.694,1.6255,1.5687
25/4/2019,1.766,1.6255,1.571
26/4/2019,1.6678,1.6217,1.5773
29/4/2019,1.8593,1.6214,1.5804
30/4/2019,2.0791,1.6249,1.5883
2/5/2019,1.9441,1.6282,1.5904
3/5/2019,1.9643,1.6365,1.5983
6/5/2019,1.9961,1.6393,1.6019
7/5/2019,2.1542,1.6451,1.6069
8/5/2019,1.99,1.6471,1.6108
9/5/2019,1.7012,1.6458,1.6133
10/5/2019,1.7954,1.6459,1.6223
13/5/2019,1.6964,1.6456,1.6248
14/5/2019,1.8553,1.6479,1.6286
15/5/2019,1.7315,1.6499,1.63
16/5/2019,1.8167,1.6529,1.6296
17/5/2019,2.039,1.6731,1.635
21/5/2019,1.695,1.6749,1.6349
22/5/2019,1.7432,1.6753,1.6361
23/5/2019,1.4486,1.6724,1.6354
24/5/2019,1.7018,1.6744,1.6383
27/5/2019,1.673,1.6772,1.64
28/5/2019,1.8282,1.679,1.6427
29/5/2019,1.914,1.6816,1.6433
30/5/2019,1.5849,1.6807,1.643
31/5/2019,1.8757,1.6846,1.6416
3/6/2019,1.786,1.6844,1.6409
4/6/2019,1.6102,1.6897,1.6429
6/6/2019,1.3635,1.6914,1.6479
7/6/2019,1.9579,1.7179,1.6617
10/6/2019,1.9555,1.7273,1.6664
11/6/2019,2.1023,1.7378,1.6707
12/6/2019,1.8346,1.7467,1.672
13/6/2019,1.1671,1.7478,1.6696
14/6/2019,1.2907,1.7514,1.6653
17/6/2019,1.2541,1.7515,1.6642
18/6/2019,1.3965,1.7534,1.6632
19/6/2019,1.2413,1.7515,1.6595
20/6/2019,1.2634,1.748,1.6553
21/6/2019,1.5855,1.7461,1.6474
24/6/2019,1.5577,1.7452,1.6452
25/6/2019,1.4176,1.7434,1.6423
26/6/2019,1.3439,1.7398,1.6377
27/6/2019,1.4207,1.735,1.6361
28/6/2019,1.673,1.715,1.6324
1/7/2019,1.5492,1.715,1.6312
2/7/2019,1.5807,1.7156,1.6329
3/7/2019,1.5546,1.7162,1.6363
4/7/2019,1.3368,1.7151,1.6367
5/7/2019,1.5244,1.7082,1.6417
8/7/2019,1.4361,1.7043,1.6434
9/7/2019,1.4389,1.7005,1.6448
10/7/2019,1.4191,1.6973,1.6467
11/7/2019,1.2798,1.6933,1.6475
12/7/2019,1.3533,1.683,1.6512
15/7/2019,1.373,1.6805,1.6528
16/7/2019,1.3579,1.6773,1.6528
17/7/2019,1.4758,1.6759,1.6524
18/7/2019,1.5818,1.674,1.6521
19/7/2019,1.7574,1.6742,1.6551
22/7/2019,1.7604,1.674,1.6553
23/7/2019,1.6938,1.6738,1.6544
24/7/2019,1.6323,1.6732,1.6528
25/7/2019,1.5729,1.671,1.6518
26/7/2019,1.6436,1.6702,1.6495
29/7/2019,1.7231,1.6687,1.6485
30/7/2019,1.9407,1.6718,1.6487
31/7/2019,1.9413,1.6703,1.6489
1/8/2019,1.6926,1.6661,1.6492
2/8/2019,1.7049,1.6578,1.6495
5/8/2019,1.7662,1.6556,1.6496
6/8/2019,1.8936,1.6545,1.6504
7/8/2019,1.6249,1.6487,1.6503
8/8/2019,1.8084,1.6483,1.6505
13/8/2019,1.6639,1.648,1.6502
14/8/2019,1.6949,1.6462,1.6504
15/8/2019,1.5082,1.6438,1.6502
16/8/2019,1.6281,1.6328,1.6514
19/8/2019,1.4024,1.6258,1.6497
20/8/2019,1.2771,1.6175,1.6482
21/8/2019,1.3259,1.6135,1.647
22/8/2019,1.2491,1.6081,1.6445
23/8/2019,1.286,1.5972,1.6378
26/8/2019,1.3413,1.5933,1.6365
27/8/2019,1.4376,1.5907,1.6366
28/8/2019,1.6368,1.5886,1.6366
29/8/2019,1.9107,1.5886,1.6382
30/8/2019,1.7441,1.5875,1.639
2/9/2019,1.4403,1.5827,1.637
3/9/2019,1.5036,1.5796,1.6354
4/9/2019,1.511,1.5786,1.6358
5/9/2019,1.5743,1.5782,1.6373
6/9/2019,1.6121,1.5733,1.6443
9/9/2019,1.7302,1.5708,1.6478
10/9/2019,1.6328,1.5673,1.6507
11/9/2019,1.6192,1.5621,1.6533
12/9/2019,1.4631,1.558,1.6558
13/9/2019,1.4859,1.5657,1.6617
16/9/2019,1.5503,1.5686,1.6634
17/9/2019,1.4199,1.5704,1.6644
18/9/2019,1.1938,1.5682,1.6643
19/9/2019,0.749,1.5628,1.6606
20/9/2019,0.6849,1.5368,1.6452
23/9/2019,0.7375,1.5276,1.6402
24/9/2019,1.2017,1.5237,1.6378
25/9/2019,1.5154,1.5248,1.6374
26/9/2019,1.5821,1.5274,1.6369
27/9/2019,1.5874,1.5273,1.6304
30/9/2019,1.7204,1.5278,1.6242
1/10/2019,1.4092,1.5263,1.6234
2/10/2019,1.4611,1.525,1.623
3/10/2019,1.3062,1.5223,1.622
4/10/2019,1.1102,1.5108,1.6133
7/10/2019,1.117,1.5063,1.6099
8/10/2019,0.9774,1.5013,1.6055
9/10/2019,1.06,1.4972,1.6015
10/10/2019,1.1568,1.4943,1.5984
11/10/2019,1.2871,1.493,1.5923
14/10/2019,1.0672,1.4898,1.5891
15/10/2019,1.0975,1.4868,1.5863
16/10/2019,1.2266,1.4854,1.584
17/10/2019,1.2593,1.483,1.5821
18/10/2019,1.2586,1.4686,1.5739
21/10/2019,1.3364,1.464,1.5716
22/10/2019,1.4067,1.4602,1.5696
23/10/2019,1.5925,1.4591,1.5689
24/10/2019,1.4978,1.4576,1.5679
25/10/2019,1.7417,1.4627,1.5689
29/10/2019,1.73,1.4627,1.5682
30/10/2019,1.6836,1.4599,1.5689
31/10/2019,1.6432,1.4567,1.5665
1/11/2019,1.338,1.4448,1.5557
4/11/2019,1.0749,1.4379,1.5509
5/11/2019,0.8751,1.4282,1.5449
6/11/2019,0.7925,1.4162,1.5383
7/11/2019,0.5491,1.4045,1.5295
8/11/2019,0.7595,1.3701,1.5119
11/11/2019,0.6814,1.3579,1.5058
12/11/2019,0.9573,1.3486,1.5013
13/11/2019,0.9095,1.3404,1.4969
14/11/2019,0.9153,1.3319,1.4918
15/11/2019,1.1029,1.316,1.4793
18/11/2019,1.044,1.3096,1.4739
19/11/2019,1.0882,1.3062,1.4687
20/11/2019,1.3661,1.3072,1.465
21/11/2019,1.5404,1.3095,1.4641
22/11/2019,1.5447,1.3184,1.4627
25/11/2019,1.5496,1.3212,1.4619
26/11/2019,1.5313,1.3233,1.461
27/11/2019,1.4054,1.323,1.4595
28/11/2019,1.4213,1.3206,1.4573
29/11/2019,1.6264,1.3102,1.4522
2/12/2019,1.5192,1.311,1.4502
3/12/2019,1.2475,1.3082,1.4473
4/12/2019,1.1507,1.3042,1.4447
5/12/2019,1.2829,1.301,1.4429
6/12/2019,1.3218,1.2914,1.4357
9/12/2019,1.369,1.2874,1.4324
10/12/2019,1.3442,1.2843,1.4291
11/12/2019,1.2755,1.2805,1.4245
12/12/2019,1.0079,1.2754,1.42
13/12/2019,1.1518,1.2644,1.4184
16/12/2019,0.6668,1.2547,1.4149
17/12/2019,0.4863,1.2444,1.4107
18/12/2019,0.2698,1.2342,1.4045
19/12/2019,0.9469,1.2364,1.4029
20/12/2019,1.4292,1.261,1.4021
23/12/2019,1.9062,1.2739,1.4039
24/12/2019,1.9185,1.2862,1.4086
26/12/2019,1.3502,1.2836,1.4086
27/12/2019,1.1994,1.2708,1.4022
30/12/2019,1.0252,1.2682,1.4002
31/12/2019,1.3562,1.2636,1.3974
2/1/2020,1.6813,1.266,1.3979
3/1/2020,1.2271,1.2677,1.3939
6/1/2020,0.9619,1.2661,1.3908
7/1/2020,1.0309,1.2652,1.3881
8/1/2020,1.0006,1.2654,1.3858
9/1/2020,1.0299,1.2651,1.3835
10/1/2020,1.181,1.263,1.3807
13/1/2020,1.0595,1.2606,1.3791
14/1/2020,0.8209,1.2579,1.3762
15/1/2020,0.8514,1.2552,1.3734
16/1/2020,0.9215,1.2519,1.371
17/1/2020,1.1806,1.2493,1.364
20/1/2020,0.7793,1.2441,1.3587
21/1/2020,1.0474,1.2409,1.3548
22/1/2020,1.0442,1.237,1.3509
23/1/2020,1.0101,1.2306,1.3471
24/1/2020,1.2578,1.2122,1.3391
28/1/2020,1.1813,1.2061,1.3366
29/1/2020,1.0807,1.199,1.3331
30/1/2020,1.3564,1.1954,1.3299
31/1/2020,1.6492,1.2023,1.3277
3/2/2020,1.471,1.2037,1.3265
4/2/2020,1.1359,1.2044,1.3233
5/2/2020,1.1134,1.207,1.3198
6/2/2020,0.9655,1.2089,1.3147
7/2/2020,0.7943,1.2123,1.2991
10/2/2020,0.9541,1.2144,1.2944
11/2/2020,0.833,1.2161,1.2891
12/2/2020,0.7835,1.2142,1.2834
13/2/2020,0.9036,1.2141,1.2793
14/2/2020,1.065,1.2149,1.2703
17/2/2020,0.9734,1.2135,1.2668
18/2/2020,1.1336,1.2145,1.2641
19/2/2020,1.0811,1.2144,1.2623
20/2/2020,0.6284,1.2064,1.2588
21/2/2020,0.7445,1.1803,1.2499
24/2/2020,0.925,1.1735,1.2479
25/2/2020,0.9665,1.1671,1.2461
26/2/2020,0.9239,1.1605,1.2438
27/2/2020,0.9498,1.1556,1.2412
28/2/2020,1.2581,1.1404,1.2271
2/3/2020,0.8472,1.133,1.2239
3/3/2020,0.6216,1.1261,1.219
4/3/2020,0.5175,1.1191,1.2135
5/3/2020,0.5118,1.1106,1.2076
6/3/2020,0.6843,1.0896,1.1922
9/3/2020,0.7093,1.0823,1.1866
10/3/2020,0.6182,1.0743,1.181
11/3/2020,0.3967,1.0646,1.1742
12/3/2020,0.5165,1.0592,1.169
13/3/2020,0.5155,1.0382,1.1529
16/3/2020,0.3803,1.035,1.1465
17/3/2020,0.58,1.036,1.1418
18/3/2020,0.5029,1.0386,1.138
19/3/2020,0.4505,1.0331,1.1363
20/3/2020,0.5115,1.0028,1.1335
23/3/2020,0.3313,0.9855,1.1312
24/3/2020,0.2191,0.9667,1.1258
25/3/2020,0.2272,0.9481,1.1187
26/3/2020,0.2559,0.9361,1.1114
27/3/2020,0.1636,0.9018,1.0878
30/3/2020,0.2091,0.8929,1.083
31/3/2020,0.267,0.8809,1.075
1/4/2020,0.2545,0.8687,1.0686
2/4/2020,0.2404,0.8529,1.0619
3/4/2020,0.2481,0.8205,1.0466
6/4/2020,0.2391,0.8126,1.0419
7/4/2020,0.4194,0.8058,1.038
8/4/2020,0.6002,0.8014,1.036
9/4/2020,0.6151,0.7782,1.0232
13/4/2020,0.3271,0.7701,1.0179
14/4/2020,0.3969,0.7654,1.0142
15/4/2020,0.4392,0.7609,1.0106
16/4/2020,0.3678,0.7548,1.0059
17/4/2020,0.1952,0.7222,0.9883
20/4/2020,0.1123,0.7149,0.9821
21/4/2020,0.055,0.704,0.975
22/4/2020,0.0723,0.6933,0.9677
23/4/2020,0.0704,0.6829,0.9593
24/4/2020,0.0805,0.6441,0.9333
27/4/2020,0.1393,0.6318,0.9245
28/4/2020,0.1175,0.62,0.9156
29/4/2020,0.1516,0.6098,0.9069
30/4/2020,0.0879,0.534,0.8733
4/5/2020,0.0849,0.5223,0.8679
5/5/2020,0.0708,0.5107,0.8634
6/5/2020,0.0387,0.492,0.8565
8/5/2020,0.0388,0.465,0.8445
11/5/2020,0.0458,0.4562,0.841
12/5/2020,0.05,0.4481,0.836
13/5/2020,0.0269,0.4383,0.8312
14/5/2020,0.0207,0.4267,0.8262
15/5/2020,0.0235,0.393,0.8084
18/5/2020,0.0152,0.3806,0.8027
19/5/2020,0.0135,0.3687,0.7968
20/5/2020,0.015,0.3619,0.7893
21/5/2020,0.0518,0.3542,0.7811
22/5/2020,0.0429,0.3185,0.7479
26/5/2020,0.0883,0.3092,0.74
27/5/2020,0.0838,0.2996,0.7327
28/5/2020,0.0897,0.2866,0.7253
29/5/2020,0.1246,0.2707,0.7056
1/6/2020,0.0545,0.2576,0.697
2/6/2020,0.0371,0.2488,0.6888
3/6/2020,0.0286,0.2424,0.6822
4/6/2020,0.0377,0.2371,0.6761
5/6/2020,0.0369,0.2179,0.6551
8/6/2020,0.0472,0.211,0.6482
9/6/2020,0.0378,0.2037,0.6409
10/6/2020,0.0708,0.1977,0.6339
11/6/2020,0.1004,0.1945,0.6274
12/6/2020,0.1215,0.1816,0.6113
15/6/2020,0.1139,0.1773,0.6056
16/6/2020,0.1057,0.1743,0.6025
17/6/2020,0.065,0.1687,0.6002
18/6/2020,0.0884,0.1642,0.5992
19/6/2020,0.1049,0.1516,0.5801
22/6/2020,0.1386,0.1475,0.573
23/6/2020,0.1507,0.1455,0.5634
24/6/2020,0.0979,0.1442,0.5534
25/6/2020,0.1942,0.1439,0.544
26/6/2020,0.1701,0.1431,0.5262
29/6/2020,0.1538,0.143,0.5205
30/6/2020,0.1647,0.1411,0.5111
1/7/2020,0.1006,0.1394,0.5042
2/7/2020,0.0668,0.1375,0.4953
3/7/2020,0.0962,0.1325,0.4766
6/7/2020,0.0461,0.1304,0.4716
7/7/2020,0.0158,0.126,0.466
8/7/2020,0.0178,0.1195,0.4606
9/7/2020,0.0093,0.0929,0.4356
13/7/2020,0.0165,0.0895,0.4299
14/7/2020,0.0244,0.0854,0.4255
15/7/2020,0.0178,0.0808,0.4209
16/7/2020,0.0243,0.077,0.416
17/7/2020,0.0205,0.0712,0.3968
20/7/2020,0.0214,0.0702,0.3926
21/7/2020,0.029,0.07,0.387
22/7/2020,0.0446,0.0696,0.3815
23/7/2020,0.2409,0.0715,0.3773
24/7/2020,0.2719,0.0778,0.361
27/7/2020,0.2654,0.0792,0.3556
28/7/2020,0.2681,0.0809,0.3505
29/7/2020,0.1112,0.0804,0.3452
30/7/2020,0.1015,0.0811,0.3127
3/8/2020,0.1313,0.0816,0.3054
4/8/2020,0.092,0.0817,0.2996
5/8/2020,0.0362,0.0813,0.2937
6/8/2020,0.048,0.0814,0.2886
7/8/2020,0.1567,0.0865,0.2737
11/8/2020,0.0836,0.0869,0.2696
12/8/2020,0.0857,0.0873,0.2658
13/8/2020,0.0806,0.0879,0.2612
14/8/2020,0.1091,0.0907,0.2455
17/8/2020,0.1038,0.0916,0.2407
18/8/2020,0.1335,0.0929,0.2352
19/8/2020,0.1317,0.0942,0.23
20/8/2020,0.0672,0.0947,0.2269
21/8/2020,0.0552,0.095,0.2155
24/8/2020,0.0608,0.0952,0.2107
25/8/2020,0.0503,0.0953,0.2057
26/8/2020,0.041,0.0948,0.2008
27/8/2020,0.0959,0.0949,0.1961
28/8/2020,0.1919,0.0975,0.1903
31/8/2020,0.2128,0.0985,0.1846
1/9/2020,0.1274,0.0992,0.1785
2/9/2020,0.085,0.0998,0.1743
3/9/2020,0.066,0.1002,0.1713
4/9/2020,0.076,0.1014,0.1632
7/9/2020,0.0506,0.1016,0.1598
8/9/2020,0.0401,0.1015,0.1563
9/9/2020,0.0759,0.1019,0.1528
10/9/2020,0.0836,0.1021,0.1499
11/9/2020,0.1588,0.1035,0.1447
14/9/2020,0.0814,0.1031,0.1424
15/9/2020,0.0477,0.1024,0.1398
16/9/2020,0.0581,0.1018,0.1381
17/9/2020,0.0298,0.1015,0.1351
18/9/2020,0.1386,0.1027,0.1294
21/9/2020,0.1586,0.1033,0.1275
22/9/2020,0.0551,0.1024,0.125
23/9/2020,0.1391,0.1023,0.1239
24/9/2020,0.1323,0.1027,0.1235
25/9/2020,0.1206,0.1008,0.1219
28/9/2020,0.1522,0.1006,0.1219
29/9/2020,0.0737,0.0997,0.1214
30/9/2020,0.0786,0.0988,0.1199
1/10/2020,0.0472,0.0982,0.1187
2/10/2020,0.0769,0.0979,0.116
5/10/2020,0.1439,0.0984,0.1154
6/10/2020,0.1596,0.0996,0.1149
7/10/2020,0.2015,0.1017,0.1138
8/10/2020,0.0608,0.1021,0.1108
9/10/2020,0.2147,0.1088,0.1042
12/10/2020,0.1456,0.1103,0.1017
13/10/2020,0.0985,0.1112,0.1004
14/10/2020,0.1177,0.1122,0.0989
15/10/2020,0.1689,0.1139,0.0974
16/10/2020,0.1113,0.1168,0.0951
19/10/2020,0.0837,0.1175,0.0945
20/10/2020,0.1073,0.1184,0.0945
21/10/2020,0.0555,0.1187,0.0945
22/10/2020,0.1126,0.1194,0.0947
23/10/2020,0.1214,0.1149,0.0954
26/10/2020,0.1026,0.113,0.0955
27/10/2020,0.1207,0.1114,0.0954
28/10/2020,0.1286,0.1099,0.0955
29/10/2020,0.1247,0.1101,0.0953
30/10/2020,0.3057,0.1167,0.0989
2/11/2020,0.145,0.1172,0.0992
3/11/2020,0.0948,0.1168,0.0992
4/11/2020,0.0723,0.1166,0.0991
5/11/2020,0.0484,0.1167,0.099
6/11/2020,0.0749,0.1152,0.0996
9/11/2020,0.0993,0.1146,0.0999
10/11/2020,0.0653,0.1136,0.1001
11/11/2020,0.0902,0.1137,0.1003
12/11/2020,0.0802,0.1136,0.1005
13/11/2020,0.0915,0.1134,0.1016
16/11/2020,0.1487,0.1138,0.1023
17/11/2020,0.097,0.1137,0.1027
18/11/2020,0.0702,0.113,0.103
19/11/2020,0.1071,0.1128,0.1035
20/11/2020,0.0924,0.1139,0.1044
23/11/2020,0.0708,0.114,0.1045
24/11/2020,0.1215,0.1147,0.105
25/11/2020,0.1104,0.1153,0.1053
26/11/2020,0.1219,0.1162,0.1055
27/11/2020,0.187,0.1171,0.1069
30/11/2020,0.1849,0.116,0.1072
1/12/2020,0.1787,0.1165,0.1079
2/12/2020,0.1773,0.1176,0.1086
3/12/2020,0.1413,0.1184,0.1092
4/12/2020,0.0685,0.1181,0.1098
7/12/2020,0.103,0.1187,0.1101
8/12/2020,0.1078,0.1195,0.1104
9/12/2020,0.0808,0.1195,0.1107
10/12/2020,0.1015,0.1197,0.1109
11/12/2020,0.0811,0.1171,0.1103
14/12/2020,0.0945,0.1173,0.1102
15/12/2020,0.0789,0.1176,0.11
16/12/2020,0.1219,0.1183,0.1101
17/12/2020,0.1234,0.1194,0.1104
18/12/2020,0.1382,0.1193,0.111
21/12/2020,0.1307,0.119,0.1112
22/12/2020,0.1513,0.1201,0.1112
23/12/2020,0.1564,0.1203,0.1113
24/12/2020,0.2342,0.1252,0.1129
28/12/2020,0.117,0.1248,0.1126
29/12/2020,0.2152,0.1263,0.113
30/12/2020,0.308,0.1283,0.114
31/12/2020,0.938,0.1661,0.1321
4/1/2021,0.0901,0.1662,0.1321
5/1/2021,0.1198,0.1659,0.1322
6/1/2021,0.1296,0.1656,0.1326
7/1/2021,0.1772,0.1653,0.1335
8/1/2021,0.195,0.1664,0.1365
11/1/2021,0.218,0.1664,0.1376
12/1/2021,0.1366,0.1663,0.1383
13/1/2021,0.1166,0.1665,0.1389
14/1/2021,0.0954,0.1663,0.1393
15/1/2021,0.1011,0.1653,0.1406
18/1/2021,0.1652,0.1659,0.1414
19/1/2021,0.1444,0.1666,0.142
20/1/2021,0.0991,0.1665,0.1425
21/1/2021,0.1174,0.1671,0.1429
22/1/2021,0.1422,0.1679,0.1422
25/1/2021,0.1151,0.1678,0.1414
26/1/2021,0.1375,0.1682,0.1406
27/1/2021,0.1084,0.1681,0.1398
28/1/2021,0.2762,0.1697,0.1398
29/1/2021,0.237,0.1694,0.142
1/2/2021,0.2074,0.1684,0.1426
2/2/2021,0.1499,0.1684,0.1428
3/2/2021,0.0794,0.1682,0.1425
4/2/2021,0.0742,0.1683,0.1425
5/2/2021,0.0953,0.1692,0.1427
8/2/2021,0.1133,0.1696,0.1425
9/2/2021,0.1684,0.1704,0.1425
10/2/2021,0.1984,0.1718,0.1427
11/2/2021,0.3526,0.1833,0.1485
15/2/2021,0.1975,0.1845,0.1489
16/2/2021,0.1493,0.1845,0.1492
17/2/2021,0.1093,0.1846,0.1492
18/2/2021,0.0952,0.1849,0.149
19/2/2021,0.2915,0.1912,0.1524
22/2/2021,0.2423,0.1929,0.1534
23/2/2021,0.18,0.194,0.1541
24/2/2021,0.1738,0.1946,0.1547
25/2/2021,0.2477,0.1961,0.1557
26/2/2021,0.2626,0.1996,0.1576
1/3/2021,0.1225,0.1989,0.1575
2/3/2021,0.0673,0.1977,0.1574
3/3/2021,0.0402,0.1966,0.1573
4/3/2021,0.0881,0.1968,0.1574
5/3/2021,0.1602,0.1995,0.1589
8/3/2021,0.18,0.2003,0.1597
9/3/2021,0.1924,0.2015,0.1603
10/3/2021,0.1407,0.202,0.1606
11/3/2021,0.3155,0.2046,0.1615
12/3/2021,0.3893,0.2147,0.1658
15/3/2021,0.3427,0.2176,0.1674
16/3/2021,0.2377,0.2189,0.1684
17/3/2021,0.2138,0.2199,0.1694
18/3/2021,0.2602,0.2213,0.1701
19/3/2021,0.1901,0.2231,0.1708
22/3/2021,0.1392,0.223,0.1713
23/3/2021,0.2282,0.2238,0.1718
24/3/2021,0.2232,0.2236,0.1723
25/3/2021,0.2672,0.224,0.1731
26/3/2021,0.3997,0.2308,0.1775
29/3/2021,0.2246,0.2309,0.1784
30/3/2021,0.1754,0.2295,0.1784
31/3/2021,0.2315,0.2216,0.1792
1/4/2021,0.0946,0.1935,0.1798
5/4/2021,0.1315,0.1937,0.1797
6/4/2021,0.0873,0.1932,0.1793
7/4/2021,0.0507,0.1918,0.1785
8/4/2021,0.0507,0.1902,0.1784
9/4/2021,0.0635,0.1855,0.1759
12/4/2021,0.0412,0.1845,0.1753
13/4/2021,0.0679,0.1839,0.1752
14/4/2021,0.091,0.1839,0.175
15/4/2021,0.061,0.1834,0.1744
16/4/2021,0.1517,0.1844,0.1751
19/4/2021,0.0657,0.1835,0.175
20/4/2021,0.1447,0.1841,0.1752
21/4/2021,0.1091,0.184,0.1755
22/4/2021,0.1791,0.1844,0.1759
23/4/2021,0.1937,0.1864,0.1771
26/4/2021,0.0839,0.1858,0.1769
27/4/2021,0.1885,0.1867,0.1773
28/4/2021,0.176,0.1856,0.1776
29/4/2021,0.185,0.185,0.1779
30/4/2021,0.2504,0.1862,0.1772
3/5/2021,0.1984,0.1875,0.1778
4/5/2021,0.1561,0.1884,0.1782
5/5/2021,0.1897,0.1895,0.179
6/5/2021,0.0815,0.1893,0.179
7/5/2021,0.2114,0.1922,0.1812
10/5/2021,0.1767,0.192,0.1818
11/5/2021,0.1049,0.1892,0.1819
12/5/2021,0.1544,0.1847,0.1826
14/5/2021,0.1784,0.1829,0.1837
17/5/2021,0.1715,0.1836,0.1842
18/5/2021,0.1064,0.1837,0.1844
19/5/2021,0.0635,0.1812,0.1841
20/5/2021,0.072,0.1787,0.184
21/5/2021,0.067,0.1729,0.1837
24/5/2021,0.1014,0.1721,0.1836
25/5/2021,0.0841,0.1683,0.1832
27/5/2021,0.1136,0.1666,0.1828
28/5/2021,0.2438,0.1691,0.1838
31/5/2021,0.1514,0.1679,0.1836
1/6/2021,0.1783,0.1685,0.1836
2/6/2021,0.1617,0.1695,0.1835
3/6/2021,0.0999,0.1702,0.1833
4/6/2021,0.0772,0.1683,0.1834
7/6/2021,0.0772,0.1674,0.1833
8/6/2021,0.1203,0.1667,0.1834
9/6/2021,0.0623,0.1653,0.1833
10/6/2021,0.0619,0.1644,0.183
11/6/2021,0.1087,0.1561,0.1835
14/6/2021,0.107,0.153,0.1836
15/6/2021,0.0944,0.1503,0.1836
16/6/2021,0.1069,0.1489,0.1836
17/6/2021,0.1888,0.1486,0.1839
18/6/2021,0.2384,0.1494,0.1856
21/6/2021,0.1659,0.1492,0.1858
22/6/2021,0.1492,0.1493,0.1858
23/6/2021,0.1443,0.1484,0.1857
24/6/2021,0.2042,0.1482,0.1855
25/6/2021,0.1029,0.1399,0.1834
28/6/2021,0.1065,0.1367,0.1833
29/6/2021,0.0565,0.1349,0.1824
30/6/2021,0.0665,0.1326,0.1769
1/7/2021,0.0609,0.1323,0.1721
2/7/2021,0.1096,0.1328,0.163
5/7/2021,0.1163,0.1326,0.163
6/7/2021,0.0957,0.1327,0.1628
7/7/2021,0.0938,0.1332,0.1623
8/7/2021,0.113,0.1339,0.1619
9/7/2021,0.1433,0.1365,0.1609
12/7/2021,0.0714,0.1368,0.1605
13/7/2021,0.0675,0.1368,0.1603
14/7/2021,0.0877,0.1368,0.1602
15/7/2021,0.0879,0.1371,0.1602
16/7/2021,0.0809,0.1347,0.1595
19/7/2021,0.0918,0.1344,0.1591
21/7/2021,0.1569,0.135,0.1594
22/7/2021,0.1912,0.1351,0.1596
23/7/2021,0.0974,0.1319,0.159
26/7/2021,0.0814,0.1319,0.1587
27/7/2021,0.1232,0.1312,0.1588
28/7/2021,0.1232,0.1306,0.158
29/7/2021,0.1314,0.13,0.1574
30/7/2021,0.2749,0.1321,0.1582
2/8/2021,0.226,0.1319,0.1586
3/8/2021,0.115,0.1309,0.1588
4/8/2021,0.083,0.1302,0.1588
5/8/2021,0.0861,0.129,0.1588
6/8/2021,0.2318,0.1313,0.1613
10/8/2021,0.0678,0.1301,0.1606
11/8/2021,0.1028,0.1301,0.1592
12/8/2021,0.1002,0.1295,0.1578
13/8/2021,0.0983,0.1272,0.1544
16/8/2021,0.0877,0.1262,0.1541
17/8/2021,0.1209,0.1256,0.1542
18/8/2021,0.0921,0.1255,0.1541
19/8/2021,0.1033,0.1259,0.1531
20/8/2021,0.1166,0.1275,0.1505
23/8/2021,0.1066,0.1279,0.1501
24/8/2021,0.1166,0.1281,0.1498
25/8/2021,0.1106,0.1284,0.149
26/8/2021,0.1143,0.1287,0.1482
27/8/2021,0.2281,0.1296,0.1489
30/8/2021,0.2077,0.1292,0.1492
31/8/2021,0.2215,0.13,0.149
1/9/2021,0.1921,0.1301,0.1493
2/9/2021,0.166,0.1302,0.1499
3/9/2021,0.152,0.1324,0.1508
6/9/2021,0.1091,0.1327,0.1505
7/9/2021,0.1838,0.1339,0.1506
8/9/2021,0.1491,0.1342,0.1505
9/9/2021,0.1052,0.1346,0.15
10/9/2021,0.0927,0.1346,0.1469
13/9/2021,0.1059,0.1346,0.1454
14/9/2021,0.0691,0.1342,0.1436
15/9/2021,0.1184,0.1344,0.1424
16/9/2021,0.1217,0.1346,0.1418
17/9/2021,0.1375,0.1319,0.1404
20/9/2021,0.1694,0.1311,0.1403
21/9/2021,0.142,0.1308,0.14
22/9/2021,0.1811,0.1312,0.1403
23/9/2021,0.116,0.1309,0.1397
24/9/2021,0.1219,0.1304,0.1368
27/9/2021,0.1136,0.1305,0.1352
28/9/2021,0.0939,0.1304,0.1336
29/9/2021,0.077,0.1306,0.1328
30/9/2021,0.0665,0.1306,0.1316
1/10/2021,0.0802,0.1302,0.1314
4/10/2021,0.0514,0.1295,0.1312
5/10/2021,0.0731,0.1291,0.1309
6/10/2021,0.0611,0.1287,0.1307
7/10/2021,0.1302,0.1291,0.1311
8/10/2021,0.2065,0.1315,0.1336
11/10/2021,0.2027,0.1321,0.1343
12/10/2021,0.1676,0.1332,0.135
13/10/2021,0.1782,0.1344,0.1356
14/10/2021,0.2286,0.1359,0.1364
15/10/2021,0.3204,0.1437,0.1396
18/10/2021,0.2243,0.1452,0.14
19/10/2021,0.3152,0.1476,0.1414
20/10/2021,0.26,0.1495,0.142
21/10/2021,0.1892,0.1498,0.1425
22/10/2021,0.2247,0.153,0.143
25/10/2021,0.2614,0.1547,0.1434
26/10/2021,0.1743,0.1557,0.1439
27/10/2021,0.0989,0.1555,0.1434
28/10/2021,0.1414,0.1557,0.1432
29/10/2021,0.2229,0.1555,0.1437
1/11/2021,0.1859,0.1546,0.1434
2/11/2021,0.1453,0.1537,0.1428
3/11/2021,0.1097,0.1539,0.1421
5/11/2021,0.0764,0.1504,0.1407
8/11/2021,0.0895,0.1489,0.14
9/11/2021,0.1139,0.1476,0.1395
10/11/2021,0.1607,0.1486,0.1394
11/11/2021,0.1597,0.1492,0.1397
12/11/2021,0.192,0.1523,0.1402
15/11/2021,0.1681,0.153,0.1401
16/11/2021,0.2179,0.1545,0.1403
17/11/2021,0.246,0.1558,0.1408
18/11/2021,0.1922,0.1569,0.1412
19/11/2021,0.2522,0.1615,0.1442
22/11/2021,0.0987,0.1613,0.1444
23/11/2021,0.1422,0.1617,0.1448
24/11/2021,0.1622,0.1622,0.1451
25/11/2021,0.1391,0.1625,0.1454
26/11/2021,0.1391,0.1608,0.1453
29/11/2021,0.1185,0.1596,0.1446
30/11/2021,0.1128,0.1579,0.1439
1/12/2021,0.1276,0.1572,0.1436
2/12/2021,0.101,0.1565,0.1433
3/12/2021,0.1943,0.1579,0.1451
6/12/2021,0.3106,0.1601,0.1463
7/12/2021,0.3318,0.1617,0.1477
8/12/2021,0.2237,0.1625,0.1483
9/12/2021,0.1312,0.1628,0.1487
10/12/2021,0.1584,0.165,0.1497
13/12/2021,0.2878,0.167,0.1507
14/12/2021,0.332,0.1699,0.152
15/12/2021,0.2033,0.1708,0.1526
16/12/2021,0.1865,0.1715,0.153
17/12/2021,0.2447,0.175,0.1534
20/12/2021,0.192,0.1753,0.1531
21/12/2021,0.1391,0.1753,0.153
22/12/2021,0.1056,0.1744,0.1527
23/12/2021,0.1582,0.1749,0.1528
24/12/2021,0.3037,0.1809,0.1555
27/12/2021,0.2116,0.182,0.1561
28/12/2021,0.2229,0.1834,0.1568
29/12/2021,0.2785,0.1856,0.158
30/12/2021,0.2885,0.1867,0.1587
31/12/2021,0.3065,0.1943,0.1624
3/1/2022,0.1416,0.1949,0.1626
4/1/2022,0.1467,0.196,0.1628
5/1/2022,0.1767,0.1971,0.1631
6/1/2022,0.1191,0.1977,0.1632
7/1/2022,0.1461,0.1966,0.1637
10/1/2022,0.1034,0.1955,0.1635
11/1/2022,0.1839,0.1953,0.1637
12/1/2022,0.1942,0.1955,0.1644
13/1/2022,0.2201,0.196,0.1652
14/1/2022,0.2078,0.1933,0.1672
17/1/2022,0.1239,0.1912,0.1675
18/1/2022,0.1417,0.1903,0.1678
19/1/2022,0.1217,0.1882,0.1679
20/1/2022,0.3139,0.1888,0.1692
21/1/2022,0.252,0.19,0.1708
24/1/2022,0.1559,0.1893,0.1712
25/1/2022,0.2025,0.1887,0.1717
26/1/2022,0.4588,0.1917,0.1738
27/1/2022,0.3056,0.194,0.1748
28/1/2022,0.3513,0.1991,0.1776
31/1/2022,0.4113,0.2065,0.1801
3/2/2022,0.3069,0.2086,0.1812
4/2/2022,0.255,0.2141,0.1831
7/2/2022,0.2679,0.2162,0.1833
8/2/2022,0.232,0.2177,0.1833
9/2/2022,0.1587,0.2182,0.1829
10/2/2022,0.1079,0.2176,0.1832
11/2/2022,0.1998,0.2182,0.1848
14/2/2022,0.1255,0.2175,0.1849
15/2/2022,0.1753,0.2176,0.1854
16/2/2022,0.3018,0.2185,0.1865
17/2/2022,0.2827,0.2189,0.1874
18/2/2022,0.5133,0.2281,0.1941
21/2/2022,0.2383,0.2279,0.1947
22/2/2022,0.3306,0.2304,0.1959
23/2/2022,0.2791,0.2319,0.1968
24/2/2022,0.3585,0.2341,0.1982
25/2/2022,0.4876,0.2454,0.2037
28/2/2022,0.3278,0.2504,0.2039
1/3/2022,0.1873,0.2511,0.2039
2/3/2022,0.0958,0.251,0.2035
3/3/2022,0.0746,0.2497,0.2031
4/3/2022,0.0503,0.2436,0.2016
7/3/2022,0.0353,0.2403,0.2008
8/3/2022,0.0671,0.2386,0.2004
9/3/2022,0.0552,0.2377,0.2001
10/3/2022,0.1287,0.2374,0.2003
11/3/2022,0.1339,0.2351,0.2009
14/3/2022,0.1697,0.2333,0.2015
15/3/2022,0.2256,0.2336,0.2021
16/3/2022,0.308,0.2349,0.2031
17/3/2022,0.2828,0.2353,0.2039
18/3/2022,0.2674,0.2367,0.2059
21/3/2022,0.4299,0.2399,0.2075
22/3/2022,0.5122,0.2444,0.2093
23/3/2022,0.6932,0.2504,0.2125
24/3/2022,0.5659,0.2533,0.2149
25/3/2022,0.6959,0.2674,0.2245
28/3/2022,0.5117,0.2706,0.2268
29/3/2022,0.2905,0.2707,0.228
30/3/2022,0.4571,0.2726,0.2293
31/3/2022,0.6085,0.276,0.2322
1/4/2022,0.4185,0.2815,0.2378
4/4/2022,0.4275,0.2847,0.2399
5/4/2022,0.3975,0.2871,0.2417
6/4/2022,0.21,0.2881,0.2425
7/4/2022,0.2788,0.2896,0.2433
8/4/2022,0.3149,0.2957,0.2451
11/4/2022,0.2087,0.296,0.2451
12/4/2022,0.202,0.2961,0.2453
13/4/2022,0.371,0.2978,0.2464
14/4/2022,0.3222,0.3038,0.2469
18/4/2022,0.1256,0.3036,0.2464
19/4/2022,0.0697,0.303,0.245
20/4/2022,0.1775,0.3015,0.2446
21/4/2022,0.1685,0.3006,0.2445
22/4/2022,0.3626,0.3053,0.2467
25/4/2022,0.3009,0.3064,0.247
26/4/2022,0.4155,0.3059,0.2483
27/4/2022,0.3473,0.3064,0.2497
28/4/2022,0.3586,0.3065,0.2509
29/4/2022,0.6764,0.3227,0.2648
4/5/2022,0.4734,0.3252,0.2668
5/5/2022,0.8411,0.3318,0.2711
6/5/2022,1.0536,0.3588,0.2872
9/5/2022,0.8536,0.3667,0.2913
10/5/2022,0.7515,0.3739,0.2946
11/5/2022,0.8674,0.3814,0.2985
12/5/2022,0.8913,0.3892,0.3023
13/5/2022,1.3711,0.4418,0.3284
17/5/2022,0.9053,0.4488,0.3321
18/5/2022,1.0299,0.4546,0.3367
19/5/2022,0.8836,0.4588,0.3402
20/5/2022,1.1684,0.4861,0.3563
23/5/2022,1.0128,0.4943,0.3611
24/5/2022,0.9456,0.5009,0.3654
25/5/2022,0.833,0.5048,0.3693
26/5/2022,0.7681,0.508,0.3727
27/5/2022,0.8901,0.5208,0.3853
30/5/2022,0.6365,0.5221,0.3867
31/5/2022,0.7187,0.5263,0.3901
1/6/2022,0.3254,0.5278,0.3911
2/6/2022,0.53,0.5326,0.3935
3/6/2022,0.5567,0.5488,0.3995
6/6/2022,0.438,0.5531,0.4002
7/6/2022,0.4952,0.5581,0.4011
8/6/2022,0.5242,0.563,0.4027
9/6/2022,0.5809,0.5688,0.4052
10/6/2022,0.795,0.5904,0.4157
13/6/2022,0.5746,0.5952,0.4173
14/6/2022,0.4416,0.5982,0.4179
15/6/2022,0.3983,0.6,0.419
16/6/2022,0.7937,0.6053,0.4223
17/6/2022,1.2041,0.6357,0.4382
20/6/2022,0.9917,0.6436,0.4426
21/6/2022,1.4164,0.6544,0.4496
22/6/2022,1.5641,0.6658,0.4576
23/6/2022,1.6942,0.6767,0.4661
24/6/2022,1.8636,0.7163,0.4919
27/6/2022,1.8345,0.7287,0.5008
28/6/2022,1.8628,0.7434,0.5099
29/6/2022,1.5571,0.7572,0.5169
30/6/2022,1.6562,0.772,0.5256
1/7/2022,1.5362,0.8089,0.547
4/7/2022,1.7837,0.8239,0.556
5/7/2022,1.8123,0.8394,0.5651
6/7/2022,1.6429,0.8552,0.5735
7/7/2022,1.7389,0.8713,0.5824
8/7/2022,1.9193,0.9431,0.6217
12/7/2022,1.8141,0.9609,0.6307
13/7/2022,1.9374,0.9782,0.6402
14/7/2022,1.8585,0.9951,0.6493
15/7/2022,1.9391,1.0485,0.6786
18/7/2022,1.8921,1.068,0.6883
19/7/2022,1.8618,1.0877,0.6979
20/7/2022,1.7924,1.1055,0.7061
21/7/2022,1.7682,1.1231,0.7145
22/7/2022,1.7276,1.1683,0.7396
25/7/2022,1.7221,1.1839,0.7481
26/7/2022,1.6908,1.198,0.7549
27/7/2022,1.5258,1.211,0.7616
28/7/2022,2.0407,1.2295,0.771
29/7/2022,2.1354,1.2712,0.8004
1/8/2022,1.7515,1.283,0.8078
2/8/2022,1.6888,1.294,0.8149
3/8/2022,1.372,1.3016,0.8208
4/8/2022,1.3522,1.3112,0.8269
5/8/2022,1.8269,1.3388,0.853
8/8/2022,1.7915,1.3571,0.8707
10/8/2022,1.4935,1.3652,0.8784
11/8/2022,1.7252,1.3745,0.8868
12/8/2022,1.7601,1.3925,0.9132
15/8/2022,1.925,1.3985,0.9229
16/8/2022,1.9116,1.4044,0.9319
17/8/2022,1.9236,1.4155,0.941
18/8/2022,1.9402,1.4255,0.9489
19/8/2022,2.24,1.4636,0.9792
22/8/2022,2.2324,1.4752,0.9897
23/8/2022,2.0993,1.4871,0.9998
24/8/2022,2.0684,1.4993,1.0093
25/8/2022,1.8673,1.5106,1.017
26/8/2022,2.0088,1.5486,1.0393
29/8/2022,2.0025,1.5607,1.0446
30/8/2022,2.3441,1.5793,1.0517
31/8/2022,2.3098,1.5967,1.0626
1/9/2022,2.1288,1.6164,1.0732
2/9/2022,2.0446,1.6654,1.1055
5/9/2022,2.1529,1.6828,1.117
6/9/2022,2.1205,1.7012,1.1283
7/9/2022,2.1104,1.7188,1.1396
8/9/2022,2.1779,1.7369,1.1512
9/9/2022,2.3502,1.7901,1.188
12/9/2022,2.3312,1.8069,1.2
13/9/2022,2.1991,1.8246,1.2113
14/9/2022,1.8883,1.8404,1.2207
15/9/2022,1.7246,1.8549,1.2289
16/9/2022,1.8667,1.8811,1.2548
19/9/2022,1.7493,1.8871,1.2629
20/9/2022,1.6736,1.8945,1.2706
21/9/2022,1.6232,1.8968,1.2771
22/9/2022,1.9389,1.9009,1.2849
23/9/2022,2.4129,1.9207,1.3138
26/9/2022,2.5312,1.928,1.3239
27/9/2022,2.7578,1.9381,1.3352
28/9/2022,2.7431,1.9477,1.3474
29/9/2022,3.8935,1.9732,1.3671
30/9/2022,4.3916,2.0655,1.4366
3/10/2022,3.3298,2.0851,1.4526
4/10/2022,3.4719,2.1035,1.4694
5/10/2022,3.0171,2.1167,1.4838
6/10/2022,3.051,2.1321,1.4994
7/10/2022,3.3825,2.182,1.5503
10/10/2022,2.9205,2.1929,1.5646
11/10/2022,3.3732,2.2088,1.5821
12/10/2022,2.8295,2.2199,1.5965
13/10/2022,3.3484,2.2353,1.6129
14/10/2022,3.1934,2.2773,1.6604
17/10/2022,3.0285,2.2893,1.6753
18/10/2022,3.131,2.3028,1.6918
19/10/2022,2.6315,2.3112,1.706
20/10/2022,3.1709,2.3263,1.7225
21/10/2022,3.1748,2.3891,1.7855
25/10/2022,2.8631,2.4016,1.7997
26/10/2022,2.9027,2.4148,1.8134
27/10/2022,2.8342,2.4292,1.8271
28/10/2022,2.8441,2.4534,1.8583
31/10/2022,2.8521,2.4613,1.8702
1/11/2022,2.5984,2.4705,1.8807
2/11/2022,2.6474,2.481,1.8916
3/11/2022,2.6021,2.4945,1.9021
4/11/2022,3.0022,2.5382,1.9385
7/11/2022,2.8969,2.5499,1.9487
8/11/2022,2.9901,2.563,1.9593
9/11/2022,2.9104,2.5753,1.9706
10/11/2022,3.267,2.5947,1.9844
11/11/2022,3.3943,2.6487,2.0231
14/11/2022,3.0921,2.6633,2.0325
15/11/2022,2.952,2.6745,2.0412
16/11/2022,2.9029,2.6854,2.0496
17/11/2022,3.2026,2.6994,2.0623
18/11/2022,3.5309,2.745,2.1035
21/11/2022,3.7997,2.7621,2.1179
22/11/2022,3.6666,2.7778,2.1317
23/11/2022,3.5174,2.7933,2.1454
24/11/2022,3.5447,2.8095,2.1597
25/11/2022,3.6561,2.8651,2.2063
28/11/2022,3.5562,2.882,2.2209
29/11/2022,3.7033,2.9007,2.2364
30/11/2022,3.9119,2.9243,2.2627
1/12/2022,3.9219,2.9442,2.2826
2/12/2022,4.0119,3.0095,2.34
5/12/2022,3.5244,3.0247,2.3564
6/12/2022,3.4458,3.0393,2.3731
7/12/2022,3.5036,3.0548,2.3897
8/12/2022,3.2336,3.0664,2.4047
9/12/2022,3.1336,3.0925,2.4447
12/12/2022,2.5836,3.0953,2.4546
13/12/2022,2.0537,3.0937,2.4628
14/12/2022,1.6457,3.091,2.4694
15/12/2022,2.36,3.098,2.4803
16/12/2022,2.3425,3.1138,2.5014
19/12/2022,1.7577,3.1139,2.5045
20/12/2022,1.7632,3.1149,2.5088
21/12/2022,1.5529,3.1141,2.5095
22/12/2022,1.6509,3.1109,2.51
23/12/2022,3.1332,3.1415,2.539
27/12/2022,1.8706,3.1317,2.5392
28/12/2022,1.8126,3.1214,2.5389
29/12/2022,1.6525,3.0966,2.5395
30/12/2022,2.5293,3.0294,2.5553
3/1/2023,2.1567,3.0166,2.5587
4/1/2023,2.4019,3.0049,2.5621
5/1/2023,2.6482,3.0008,2.5668
6/1/2023,3.1851,2.998,2.5902
9/1/2023,3.7433,3.0019,2.6002
10/1/2023,3.4177,3.0074,2.6085
11/1/2023,3.2209,3.0057,2.6156
12/1/2023,3.3641,3.0115,2.6242
13/1/2023,3.8002,3.0298,2.6554
16/1/2023,3.4653,3.0328,2.6638
17/1/2023,3.557,3.0385,2.6727
18/1/2023,3.6487,3.0442,2.6823
19/1/2023,3.6037,3.0549,2.6919
20/1/2023,3.5817,3.0772,2.7424
25/1/2023,3.6014,3.0853,2.7528
26/1/2023,3.5637,3.0925,2.7631
27/1/2023,3.6736,3.1199,2.7924
30/1/2023,3.8375,3.1307,2.8018
31/1/2023,3.8693,3.1419,2.8113
1/2/2023,3.5675,3.1525,2.8213
2/2/2023,3.5598,3.1625,2.8316
3/2/2023,3.6127,3.1869,2.8663
6/2/2023,3.4294,3.1916,2.8751
7/2/2023,3.118,3.194,2.8823
8/2/2023,3.1004,3.1953,2.8895
9/2/2023,3.2456,3.1989,2.8975
10/2/2023,3.6578,3.209,2.9305
13/2/2023,3.3393,3.2084,2.9392
14/2/2023,3.2662,3.2103,2.9476
15/2/2023,3.3614,3.2148,2.9555
16/2/2023,3.5088,3.2214,2.9643
17/2/2023,3.7467,3.2321,2.9926
20/2/2023,3.4676,3.2314,2.9994
21/2/2023,3.4653,3.2277,3.0061
22/2/2023,3.4287,3.2251,3.0127
23/2/2023,3.6511,3.2266,3.0213
24/2/2023,3.8658,3.2347,3.0525
27/2/2023,3.6984,3.2352,3.0618
28/2/2023,3.4497,3.2206,3.0833
1/3/2023,3.5485,3.2164,3.0913
2/3/2023,3.5808,3.2116,3.0999
3/3/2023,3.6079,3.2035,3.1256
6/3/2023,3.63,3.2055,3.1341
7/3/2023,3.4847,3.2053,3.1418
8/3/2023,3.5667,3.209,3.1496
9/3/2023,3.5983,3.2143,3.1566
10/3/2023,3.761,3.2415,3.1804
13/3/2023,3.7279,3.2602,3.189
14/3/2023,3.4985,3.281,3.198
15/3/2023,3.3535,3.2921,3.2072
16/3/2023,3.7938,3.3084,3.218
17/3/2023,3.8871,3.3668,3.2527
20/3/2023,3.8396,3.3901,3.2648
21/3/2023,3.8887,3.4162,3.2775
22/3/2023,3.7178,3.4394,3.2875
23/3/2023,4.0825,3.45,3.2969
24/3/2023,3.6203,3.4664,3.3166
27/3/2023,3.5509,3.4852,3.321
28/3/2023,3.5253,3.5044,3.3254
29/3/2023,3.8972,3.5296,3.3254
30/3/2023,3.6343,3.542,3.3275
31/3/2023,3.5843,3.5775,3.3139
3/4/2023,3.3422,3.5907,3.314
4/4/2023,3.6018,3.6042,3.3147
5/4/2023,3.4762,3.6135,3.3173
6/4/2023,3.3721,3.6156,3.3189
10/4/2023,3.1595,3.6127,3.3202
11/4/2023,3.1852,3.6123,3.3192
12/4/2023,3.2138,3.6106,3.3213
13/4/2023,3.2688,3.6047,3.3209
14/4/2023,3.3365,3.5928,3.3233
17/4/2023,3.2875,3.5898,3.3247
18/4/2023,3.2315,3.5851,3.3253
19/4/2023,3.2868,3.5816,3.329
20/4/2023,3.4576,3.5802,3.3306
21/4/2023,4.0783,3.5969,3.3457
24/4/2023,3.9785,3.6013,3.3502
25/4/2023,3.748,3.603,3.3551
26/4/2023,3.6124,3.6035,3.3591
27/4/2023,3.7753,3.6047,3.3644
28/4/2023,3.785,3.6057,3.3894
2/5/2023,3.7201,3.6075,3.3955
3/5/2023,3.6183,3.6076,3.4012
4/5/2023,3.2686,3.6037,3.4027
5/5/2023,3.4138,3.6046,3.4102
8/5/2023,3.4538,3.6086,3.4128
9/5/2023,3.6652,3.6134,3.417
10/5/2023,3.4858,3.6114,3.4183
11/5/2023,3.621,3.611,3.4195
12/5/2023,3.3432,3.6084,3.4204
15/5/2023,3.4448,3.6093,3.4231
16/5/2023,3.5198,3.6094,3.4266
17/5/2023,3.6927,3.6088,3.4294
18/5/2023,3.6472,3.6077,3.43
19/5/2023,3.61,3.6094,3.4298
22/5/2023,3.866,3.6143,3.431
23/5/2023,3.7272,3.6152,3.4321
24/5/2023,3.697,3.6133,3.433
25/5/2023,3.7343,3.6118,3.4334
26/5/2023,3.7343,3.6125,3.4353
29/5/2023,3.9963,3.6171,3.437
30/5/2023,3.9509,3.6211,3.4402
31/5/2023,3.7241,3.6241,3.4391
1/6/2023,3.7514,3.6313,3.4338
5/6/2023,3.8228,3.6337,3.4354
6/6/2023,3.7959,3.6355,3.4374
7/6/2023,3.8445,3.6394,3.4393
8/6/2023,3.8997,3.6431,3.443
9/6/2023,4.0228,3.6535,3.4579
12/6/2023,3.6227,3.652,3.4637
13/6/2023,3.545,3.65,3.4721
14/6/2023,3.5059,3.6501,3.4825
15/6/2023,3.6299,3.6531,3.4896
16/6/2023,3.5952,3.6445,3.5106
19/6/2023,3.6175,3.6416,3.521
20/6/2023,3.6691,3.6397,3.5316
21/6/2023,3.5583,3.6361,3.5428
22/6/2023,3.5825,3.6346,3.5536
23/6/2023,3.7939,3.6352,3.5647
26/6/2023,3.7922,3.6371,3.5684
27/6/2023,3.7785,3.6396,3.5791
28/6/2023,3.7918,3.6414,3.6021
30/6/2023,4.0005,3.6549,3.6326
3/7/2023,3.8041,3.66,3.6419
4/7/2023,3.7885,3.6621,3.6497
5/7/2023,3.7685,3.6653,3.656
6/7/2023,3.654,3.6685,3.6586
7/7/2023,3.7005,3.6794,3.6642
10/7/2023,3.61,3.6844,3.6652
11/7/2023,3.6028,3.689,3.6674
12/7/2023,3.5373,3.6926,3.6684
13/7/2023,3.5322,3.6955,3.6669
14/7/2023,3.5201,3.7016,3.664
17/7/2023,3.5341,3.7044,3.6639
18/7/2023,3.4553,3.7069,3.6628
19/7/2023,3.5096,3.7093,3.6623
20/7/2023,3.6125,3.7111,3.6624
21/7/2023,3.7337,3.6996,3.665
24/7/2023,3.5374,3.6947,3.6648
25/7/2023,3.4533,3.6914,3.6639
26/7/2023,3.3329,3.6883,3.6626
27/7/2023,3.4231,3.6844,3.6612
28/7/2023,3.5264,3.6774,3.6578
31/7/2023,3.5504,3.6748,3.656
1/8/2023,3.397,3.6706,3.6551
2/8/2023,3.4463,3.6676,3.6544
3/8/2023,3.5065,3.6663,3.6538
4/8/2023,3.7677,3.6796,3.6575
7/8/2023,3.8511,3.6844,3.6616
8/8/2023,3.6903,3.6872,3.6674
10/8/2023,3.5378,3.6878,3.6668
11/8/2023,3.6165,3.6938,3.6678
14/8/2023,3.4924,3.6954,3.6691
15/8/2023,3.5476,3.6965,3.6702
16/8/2023,3.6183,3.6976,3.6708
17/8/2023,3.7727,3.6985,3.6709
18/8/2023,3.9062,3.7078,3.6752
21/8/2023,3.5937,3.7076,3.6759
22/8/2023,3.6354,3.7051,3.6771
23/8/2023,3.6807,3.7046,3.6772
24/8/2023,3.5891,3.7034,3.6757
25/8/2023,3.6314,3.7,3.6727
28/8/2023,3.693,3.6996,3.6732
29/8/2023,3.815,3.6976,3.6743
30/8/2023,3.7085,3.6949,3.6749
31/8/2023,3.7781,3.6964,3.68
4/9/2023,3.8411,3.6974,3.6813
5/9/2023,3.8061,3.6972,3.6824
6/9/2023,3.7056,3.6962,3.6828
7/9/2023,3.6811,3.6944,3.6839
8/9/2023,3.9914,3.6947,3.6897
11/9/2023,3.8216,3.6925,3.69
12/9/2023,3.7478,3.6939,3.6899
13/9/2023,3.7128,3.6957,3.6899
14/9/2023,3.6978,3.6978,3.691
15/9/2023,3.8093,3.7045,3.6931
18/9/2023,3.7053,3.7057,3.6921
19/9/2023,3.5931,3.7054,3.6905
20/9/2023,3.7076,3.7059,3.6898
21/9/2023,3.5683,3.706,3.688
22/9/2023,3.761,3.7072,3.6872
25/9/2023,3.7721,3.707,3.6881
26/9/2023,3.8579,3.7077,3.6894
27/9/2023,3.7232,3.7071,3.6903
28/9/2023,3.6232,3.7052,3.6909
29/9/2023,3.8245,3.7017,3.6931
2/10/2023,3.655,3.698,3.6935
3/10/2023,3.5858,3.6956,3.6948
4/10/2023,3.5954,3.6934,3.6948
5/10/2023,3.6268,3.6919,3.6957
6/10/2023,3.8967,3.6988,3.7044
9/10/2023,3.7546,3.6994,3.7065
10/10/2023,3.6676,3.7001,3.7094
11/10/2023,3.6356,3.7004,3.7119
12/10/2023,3.6617,3.7018,3.7144
13/10/2023,3.7716,3.7099,3.722
16/10/2023,3.7366,3.7123,3.7242
17/10/2023,3.7983,3.7152,3.7271
18/10/2023,3.7574,3.7185,3.73
19/10/2023,3.7461,3.7211,3.7326
20/10/2023,3.9248,3.7287,3.7335
23/10/2023,3.8445,3.73,3.7322
24/10/2023,3.7258,3.732,3.7307
25/10/2023,3.7383,3.7352,3.7307
26/10/2023,3.783,3.7401,3.7316
27/10/2023,3.7298,3.7479,3.7308
30/10/2023,3.8249,3.7512,3.7317
31/10/2023,3.6904,3.7527,3.7312
1/11/2023,3.6569,3.7556,3.7305
2/11/2023,3.6776,3.7581,3.7302
3/11/2023,3.771,3.7611,3.7358
6/11/2023,3.6121,3.7594,3.7369
7/11/2023,3.5604,3.7562,3.7377
8/11/2023,3.404,3.7531,3.7375
9/11/2023,3.4926,3.7509,3.7365
10/11/2023,3.6321,3.7524,3.7406
14/11/2023,3.6022,3.7536,3.742
15/11/2023,3.6372,3.7546,3.7431
16/11/2023,3.6444,3.7549,3.7437
17/11/2023,3.8431,3.7543,3.747
20/11/2023,3.6665,3.7517,3.7473
21/11/2023,3.7497,3.7534,3.748
22/11/2023,3.6238,3.7532,3.7467
23/11/2023,3.6811,3.7532,3.7464
24/11/2023,3.6122,3.7531,3.7446
27/11/2023,3.6549,3.7533,3.7442
28/11/2023,3.4799,3.751,3.7428
29/11/2023,3.5107,3.7477,3.7401
30/11/2023,3.6592,3.7464,3.7382
1/12/2023,3.6823,3.7432,3.737
4/12/2023,3.6984,3.7416,3.7367
5/12/2023,3.729,3.7408,3.7362
6/12/2023,3.7354,3.7411,3.7359
7/12/2023,3.9062,3.7436,3.7362
8/12/2023,3.8994,3.7405,3.7348
11/12/2023,3.8467,3.7408,3.7339
12/12/2023,3.9311,3.7429,3.7356
13/12/2023,4.0103,3.7462,3.7382
14/12/2023,3.7911,3.7472,3.7398
15/12/2023,3.7269,3.7445,3.7418
18/12/2023,3.6867,3.7442,3.7423
19/12/2023,3.57,3.744,3.742
20/12/2023,3.4412,3.741,3.7407
21/12/2023,3.3632,3.7388,3.7396
22/12/2023,3.4044,3.7228,3.7321
26/12/2023,3.4443,3.7182,3.7302
27/12/2023,3.2489,3.713,3.7273
28/12/2023,3.263,3.709,3.7243
29/12/2023,3.6235,3.7018,3.719
2/1/2024,3.6063,3.7012,3.7169
3/1/2024,3.8177,3.7038,3.7169
4/1/2024,3.8218,3.7063,3.7171
5/1/2024,3.7342,3.7039,3.7175
8/1/2024,3.8194,3.703,3.7182
9/1/2024,3.7684,3.7032,3.7186
10/1/2024,3.7393,3.704,3.7193
11/1/2024,3.7931,3.7057,3.7204
12/1/2024,3.7435,3.706,3.7239
15/1/2024,3.5779,3.7039,3.7242
16/1/2024,3.6456,3.7029,3.7249
17/1/2024,3.6089,3.7008,3.7253
18/1/2024,3.5362,3.6984,3.7258
19/1/2024,3.4333,3.6841,3.7227
22/1/2024,3.5474,3.68,3.7217
23/1/2024,3.5043,3.6763,3.7204
24/1/2024,3.4113,3.6728,3.7197
25/1/2024,3.5469,3.6707,3.7202
26/1/2024,3.5205,3.6632,3.7218
29/1/2024,3.514,3.6609,3.7217
30/1/2024,3.4763,3.6571,3.7214
31/1/2024,3.4844,3.6548,3.7211
1/2/2024,3.433,3.6524,3.7213
2/2/2024,3.4949,3.6443,3.7199
5/2/2024,3.5972,3.6424,3.719
6/2/2024,3.6389,3.6427,3.7183
7/2/2024,3.584,3.6429,3.7168
8/2/2024,3.3865,3.6427,3.7151
9/2/2024,3.4874,3.6379,3.7123
13/2/2024,3.3581,3.6349,3.7109
14/2/2024,3.5172,3.634,3.711
15/2/2024,3.6948,3.6346,3.7118
16/2/2024,3.7765,3.6346,3.712
19/2/2024,3.8169,3.6343,3.7115
20/2/2024,3.7518,3.6353,3.7106
21/2/2024,3.5929,3.6335,3.7106
22/2/2024,3.7262,3.6347,3.7111
23/2/2024,3.8327,3.6412,3.7144
26/2/2024,3.7501,3.6427,3.7151
27/2/2024,3.7121,3.6433,3.7156
28/2/2024,3.7844,3.6466,3.7161
29/2/2024,3.7464,3.6488,3.7146
1/3/2024,3.7769,3.6519,3.7146
4/3/2024,3.6105,3.6509,3.7133
5/3/2024,3.6054,3.6496,3.7122
6/3/2024,3.5966,3.648,3.7116
7/3/2024,3.626,3.6449,3.7113
8/3/2024,3.6514,3.6367,3.7056
11/3/2024,3.4967,3.6328,3.7037
12/3/2024,3.4354,3.6273,3.702
13/3/2024,3.3928,3.6204,3.7002
14/3/2024,3.4937,3.6171,3.6991
15/3/2024,3.5678,3.6118,3.695
18/3/2024,3.7955,3.6131,3.6955
19/3/2024,3.8841,3.6165,3.6971
20/3/2024,3.8542,3.6211,3.698
21/3/2024,3.9588,3.6277,3.7001
22/3/2024,4.2656,3.6564,3.7086
25/3/2024,4.0357,3.6634,3.7101
26/3/2024,3.953,3.669,3.7106
27/3/2024,3.8954,3.6762,3.7116
28/3/2024,3.6851,3.6829,3.7106
1/4/2024,3.7,3.6838,3.7099
2/4/2024,3.6119,3.6838,3.7097
3/4/2024,3.5062,3.6804,3.7092
4/4/2024,3.5261,3.6771,3.7088
5/4/2024,3.4176,3.6666,3.7023
8/4/2024,3.3676,3.6615,3.6994
9/4/2024,3.4145,3.654,3.6961
11/4/2024,3.3997,3.6497,3.6948
12/4/2024,3.4699,3.6406,3.6904
15/4/2024,3.4112,3.6387,3.6884
16/4/2024,3.4259,3.6363,3.6866
17/4/2024,3.3029,3.6329,3.6839
18/4/2024,3.4439,3.6319,3.6821
19/4/2024,3.6491,3.639,3.6785
22/4/2024,3.6084,3.6397,3.6768
23/4/2024,3.5612,3.6403,3.6752
24/4/2024,3.5281,3.6416,3.6741
25/4/2024,3.587,3.6421,3.6732
26/4/2024,3.6559,3.6466,3.6717
29/4/2024,3.5085,3.6465,3.6705
30/4/2024,3.5066,3.6491,3.6674
2/5/2024,3.6458,3.6508,3.6672
3/5/2024,3.7521,3.6583,3.6669
6/5/2024,3.7687,3.6598,3.6678
7/5/2024,3.8329,3.6626,3.6693
8/5/2024,3.9685,3.6691,3.6724
9/5/2024,3.9447,3.6742,3.675
10/5/2024,4.0076,3.6917,3.6813
13/5/2024,3.7153,3.6957,3.6817
14/5/2024,3.6486,3.6972,3.682
15/5/2024,3.609,3.6962,3.6818
16/5/2024,3.5697,3.6939,3.6814
17/5/2024,3.5899,3.6872,3.6772
20/5/2024,3.5778,3.6852,3.6767
21/5/2024,3.4585,3.6807,3.6741
23/5/2024,3.5511,3.6776,3.6734
24/5/2024,3.6756,3.6732,3.6745
27/5/2024,3.6622,3.6727,3.6745
28/5/2024,3.5476,3.67,3.6749
29/5/2024,3.5409,3.6689,3.675
30/5/2024,3.5289,3.6678,3.6746
31/5/2024,3.5222,3.6597,3.6721
3/6/2024,3.8181,3.6602,3.6728
4/6/2024,3.8127,3.6624,3.6734
5/6/2024,3.8523,3.6651,3.6741
6/6/2024,3.6378,3.6656,3.6736
7/6/2024,3.8491,3.6723,3.6727
10/6/2024,3.594,3.6717,3.671
11/6/2024,3.5291,3.6721,3.6692
12/6/2024,3.6312,3.6742,3.6676
13/6/2024,3.6365,3.6769,3.6655
14/6/2024,3.7736,3.6867,3.6662
18/6/2024,3.6929,3.6856,3.6662
19/6/2024,3.702,3.6836,3.6669
20/6/2024,3.5845,3.6806,3.6677
21/6/2024,3.6371,3.6633,3.6719
24/6/2024,3.6709,3.6568,3.6733
25/6/2024,3.565,3.6516,3.6742
26/6/2024,3.5992,3.6478,3.6751
27/6/2024,3.446,3.6428,3.6762
28/6/2024,3.4325,3.6336,3.6749
1/7/2024,3.4205,3.6305,3.6738
2/7/2024,3.4141,3.6283,3.6727
3/7/2024,3.4709,3.6279,3.6708
4/7/2024,3.4839,3.6275,3.6689
5/7/2024,3.5261,3.6311,3.6654
8/7/2024,3.4634,3.6321,3.6634
9/7/2024,3.4019,3.632,3.6614
10/7/2024,3.4975,3.6329,3.66
11/7/2024,3.4685,3.6337,3.6582
12/7/2024,3.5537,3.6365,3.655
15/7/2024,3.5134,3.6376,3.6546
16/7/2024,3.5137,3.6386,3.6539
17/7/2024,3.5413,3.6412,3.6535
18/7/2024,3.5399,3.6423,3.6536
19/7/2024,3.5864,3.6402,3.6561
22/7/2024,3.5679,3.6397,3.6562
23/7/2024,3.5239,3.6393,3.6563
24/7/2024,3.5458,3.6395,3.6571
25/7/2024,3.6271,3.64,3.6575
26/7/2024,3.6541,3.6399,3.6598
29/7/2024,3.5438,3.6403,3.66
30/7/2024,3.4769,3.6389,3.66
31/7/2024,3.4336,3.6381,3.6597
1/8/2024,3.5377,3.6384,3.6603
2/8/2024,3.5838,3.634,3.6618
5/8/2024,3.6111,3.6325,3.6618
6/8/2024,3.5735,3.6303,3.6615
7/8/2024,3.6052,3.6279,3.6616
8/8/2024,3.5987,3.611,3.6646
12/8/2024,3.6452,3.607,3.6655
13/8/2024,3.6717,3.6066,3.6673
14/8/2024,3.6119,3.6062,3.6678
15/8/2024,3.5144,3.6051,3.6668
16/8/2024,3.5236,3.6032,3.6626
19/8/2024,3.5471,3.6027,3.661
20/8/2024,3.3436,3.6001,3.6588
21/8/2024,3.1973,3.5973,3.6565
22/8/2024,3.1962,3.5944,3.6536
23/8/2024,3.2314,3.5811,3.6435
26/8/2024,3.2189,3.5761,3.6405
27/8/2024,3.3159,3.5723,3.6383
28/8/2024,3.3554,3.5702,3.6359
29/8/2024,3.4319,3.569,3.6351
30/8/2024,3.5355,3.5694,3.6324
2/9/2024,3.4466,3.5686,3.6306
3/9/2024,3.5593,3.5657,3.6294
4/9/2024,3.4622,3.5619,3.6286
5/9/2024,3.4824,3.5578,3.6279
6/9/2024,3.5859,3.5515,3.6273
9/9/2024,3.5167,3.5479,3.6265
10/9/2024,3.4959,3.5468,3.6257
11/9/2024,3.5352,3.5468,3.6259
12/9/2024,3.5177,3.5456,3.6263
13/9/2024,3.5423,3.5395,3.6273
16/9/2024,3.5427,3.537,3.6271
17/9/2024,3.4455,3.5334,3.6265
18/9/2024,3.4316,3.5305,3.6244
19/9/2024,3.1089,3.524,3.6202
20/9/2024,3.2039,3.5103,3.6065
23/9/2024,3.1178,3.5046,3.6002
24/9/2024,3.135,3.4988,3.5939
25/9/2024,3.1705,3.4944,3.5891
26/9/2024,3.4135,3.4924,3.5861
27/9/2024,3.3108,3.4882,3.5788
30/9/2024,3.8808,3.4932,3.5789
1/10/2024,3.7299,3.4966,3.5791
2/10/2024,3.6048,3.4987,3.579
3/10/2024,3.5946,3.5,3.5795
4/10/2024,3.5514,3.5013,3.5812
7/10/2024,3.5015,3.501,3.5816
8/10/2024,3.3875,3.5002,3.5817
9/10/2024,3.3049,3.4991,3.5811
10/10/2024,3.1077,3.4949,3.5794
11/10/2024,3.0977,3.4808,3.5736
14/10/2024,3.0846,3.4757,3.5715
15/10/2024,3.0314,3.4704,3.5693
16/10/2024,2.9091,3.4637,3.5665
17/10/2024,2.8903,3.4566,3.5642
18/10/2024,2.9784,3.4371,3.5541
21/10/2024,3.0642,3.4314,3.5509
22/10/2024,3.1267,3.4266,3.5482
23/10/2024,3.0662,3.4215,3.5454
24/10/2024,2.947,3.415,3.5422
25/10/2024,3.0313,3.3948,3.5322
28/10/2024,3.0666,3.3884,3.5289
29/10/2024,3.0955,3.3834,3.5266
30/10/2024,3.1559,3.3769,3.523
1/11/2024,3.2321,3.3658,3.5163
4/11/2024,2.9891,3.3593,3.5121
5/11/2024,2.9118,3.3516,3.5074
6/11/2024,2.8566,3.3438,3.5024
7/11/2024,2.9347,3.3364,3.4974
8/11/2024,3.1044,3.3202,3.483
11/11/2024,3.1304,3.3151,3.4781
12/11/2024,3.0749,3.3088,3.473
13/11/2024,2.96,3.301,3.4688
14/11/2024,2.8989,3.2932,3.4647
15/11/2024,2.9008,3.2728,3.4532
18/11/2024,3.1312,3.2685,3.4507
19/11/2024,3.06,3.2632,3.4478
20/11/2024,2.9428,3.2588,3.4443
21/11/2024,2.7615,3.254,3.4404
22/11/2024,3.098,3.25,3.4327
25/11/2024,3.0618,3.2482,3.4293
26/11/2024,2.9033,3.2447,3.425
27/11/2024,2.787,3.2389,3.4202
28/11/2024,2.745,3.2322,3.4158
29/11/2024,3.0839,3.2147,3.4074
2/12/2024,2.9528,3.2093,3.4043
3/12/2024,3.0756,3.2039,3.4001
4/12/2024,3.0051,3.1988,3.3956
5/12/2024,2.7668,3.1909,3.3896
6/12/2024,2.8852,3.1676,3.3747
9/12/2024,3.1885,3.164,3.371
10/12/2024,3.1129,3.1598,3.3684
11/12/2024,3.0721,3.1546,3.3658
12/12/2024,3.1825,3.1509,3.3633
13/12/2024,3.2537,3.1413,3.3554
16/12/2024,3.1506,3.137,3.352
17/12/2024,3.0547,3.1327,3.348
18/12/2024,2.9769,3.1276,3.344
19/12/2024,2.9893,3.1263,3.3401
20/12/2024,3.23,3.1272,3.3336
23/12/2024,2.762,3.1232,3.3287
24/12/2024,2.7495,3.1143,3.319
26/12/2024,2.5512,3.1047,3.3132
27/12/2024,2.5613,3.0799,3.2986
30/12/2024,2.3115,3.0717,3.2935
31/12/2024,2.1123,3.0346,3.279
2/1/2025,2.5211,3.0227,3.274
3/1/2025,2.7573,2.9962,3.2618
6/1/2025,2.8352,2.9883,3.258
7/1/2025,2.7815,2.9805,3.2539
8/1/2025,2.8385,2.9744,3.2504
9/1/2025,2.898,2.97,3.2477
10/1/2025,3.1047,2.9701,3.241
13/1/2025,2.9332,2.9683,3.2376
14/1/2025,2.9314,2.9666,3.2341
15/1/2025,2.8138,2.9642,3.2303
16/1/2025,2.4647,2.9594,3.2245
17/1/2025,2.2492,2.9364,3.2028
20/1/2025,2.2516,2.9284,3.1955
21/1/2025,2.485,2.9221,3.1894
22/1/2025,2.5852,2.9162,3.184
23/1/2025,3.0238,2.9157,3.1812
24/1/2025,3.0743,2.918,3.1723
27/1/2025,2.9786,2.9175,3.1686
28/1/2025,3.1283,2.9182,3.1615
31/1/2025,2.6325,2.8993,3.1468
3/2/2025,2.651,2.893,3.1417
4/2/2025,2.6168,2.8889,3.1363
5/2/2025,2.3766,2.883,3.1295
6/2/2025,2.4847,2.879,3.1235
7/2/2025,2.517,2.8615,3.1056
10/2/2025,2.5438,2.8554,3.0997
11/2/2025,2.4561,2.848,3.0934
12/2/2025,2.5042,2.8418,3.0871
13/2/2025,2.5008,2.8367,3.0807
14/2/2025,2.413,2.8207,3.0619
17/2/2025,2.3114,2.8143,3.0552
18/2/2025,2.5261,2.8077,3.0497
19/2/2025,2.4639,2.8011,3.0437
20/2/2025,2.463,2.7959,3.0388
21/2/2025,2.3548,2.7752,3.0247
24/2/2025,2.2661,2.7661,3.0194
25/2/2025,2.4175,2.759,3.0149
26/2/2025,2.3922,2.7534,3.0103
27/2/2025,2.6412,2.7518,3.0066
28/2/2025,2.4846,2.7291,2.9814
3/3/2025,2.3344,2.7208,2.9745
4/3/2025,2.2903,2.7129,2.9679
5/3/2025,2.3176,2.7078,2.9614
6/3/2025,2.3425,2.7018,2.9544
7/3/2025,2.1455,2.6736,2.9306
10/3/2025,2.1148,2.6624,2.9229
11/3/2025,2.1251,2.6518,2.915
12/3/2025,2.0822,2.6395,2.9069
13/3/2025,2.2434,2.6282,2.8997
14/3/2025,2.3683,2.5997,2.8799
17/3/2025,2.3416,2.5917,2.8737
18/3/2025,2.4421,2.5857,2.8682
19/3/2025,2.4428,2.5796,2.8645
20/3/2025,2.4805,2.5712,2.8604
21/3/2025,2.6484,2.5569,2.8515
24/3/2025,2.7645,2.5571,2.8495
25/3/2025,2.9409,2.5592,2.8482
26/3/2025,2.9829,2.5641,2.8458
27/3/2025,2.3592,2.5618,2.8404
28/3/2025,2.1392,2.5507,2.814
1/4/2025,2.0073,2.5496,2.8044
2/4/2025,2.1983,2.546,2.7966
3/4/2025,2.2206,2.54,2.7889
4/4/2025,2.3164,2.5243,2.7683
7/4/2025,2.5884,2.5221,2.7632
8/4/2025,2.3872,2.5171,2.7576
9/4/2025,2.3326,2.5108,2.7522
10/4/2025,2.3009,2.5018,2.7477
11/4/2025,2.3021,2.4768,2.7344
14/4/2025,2.2749,2.4695,2.7299
15/4/2025,2.284,2.4635,2.7257
16/4/2025,2.2553,2.4612,2.7221
17/4/2025,2.196,2.4588,2.7052
21/4/2025,2.153,2.4551,2.7001
22/4/2025,2.1405,2.4501,2.6946
23/4/2025,2.1801,2.4407,2.6897
24/4/2025,2.1602,2.4305,2.6853
25/4/2025,2.1066,2.3991,2.6698
28/4/2025,2.1769,2.3885,2.6649
29/4/2025,2.174,2.3778,2.6598
30/4/2025,2.1673,2.3587,2.6453
2/5/2025,2.2953,2.3472,2.6309
5/5/2025,2.272,2.346,2.6274
6/5/2025,2.2252,2.3431,2.6238
7/5/2025,2.116,2.3385,2.6192
8/5/2025,2.1975,2.3349,2.6142
9/5/2025,2.2665,2.3241,2.5954
13/5/2025,2.3946,2.3229,2.5923
14/5/2025,2.1883,2.3204,2.5883
15/5/2025,2.1552,2.3175,2.5841
16/5/2025,2.121,2.3075,2.5697
19/5/2025,2.177,2.3042,2.5648
20/5/2025,2.125,2.3004,2.5602
21/5/2025,2.1033,2.2976,2.5565
22/5/2025,2.1348,2.2951,2.5512
23/5/2025,2.2538,2.2919,2.5372
26/5/2025,2.08,2.2884,2.5326
27/5/2025,2.1518,2.2829,2.529
28/5/2025,2.1189,2.2812,2.5255
29/5/2025,2.1111,2.2795,2.5201
30/5/2025,2.1001,2.2692,2.507
2/6/2025,2.1229,2.2653,2.5024
3/6/2025,1.8245,2.2597,2.4954
4/6/2025,1.562,2.2517,2.4874
5/6/2025,1.4568,2.2423,2.4801
6/6/2025,1.4724,2.2181,2.4565
9/6/2025,1.5092,2.2112,2.4472
10/6/2025,1.7832,2.2075,2.4398
11/6/2025,1.8919,2.205,2.4332
12/6/2025,1.7439,2.2013,2.4252
13/6/2025,1.7531,2.1825,2.4002
16/6/2025,1.7685,2.1759,2.3925
17/6/2025,1.6644,2.1685,2.3848
18/6/2025,1.8111,2.1616,2.3783
19/6/2025,1.7594,2.1542,2.3715
20/6/2025,1.793,2.128,2.3475
23/6/2025,1.6795,2.1174,2.3415
24/6/2025,1.6785,2.1055,2.3355
25/6/2025,1.7466,2.0925,2.33
26/6/2025,1.8108,2.0797,2.3258
27/6/2025,1.6345,2.0607,2.3104
30/6/2025,1.5598,2.0533,2.3072
1/7/2025,1.4297,2.047,2.3033
2/7/2025,1.4954,2.0392,2.2976
3/7/2025,1.5695,2.032,2.291
4/7/2025,1.4896,2.0046,2.2693
7/7/2025,1.5986,1.9937,2.2627
8/7/2025,1.6566,1.9856,2.2561
9/7/2025,1.6217,1.9778,2.249
10/7/2025,1.6104,1.9701,2.2406
11/7/2025,1.7048,1.9504,2.2181
14/7/2025,1.6642,1.9436,2.211
15/7/2025,1.5284,1.9353,2.2039
16/7/2025,1.5451,1.9274,2.1987
17/7/2025,1.3029,1.9176,2.1934
18/7/2025,1.3181,1.8885,2.1778
21/7/2025,1.2996,1.8791,2.1712
22/7/2025,1.4564,1.8715,2.1649
23/7/2025,1.8136,1.8675,2.1581
24/7/2025,1.9165,1.8648,2.1517
25/7/2025,1.8852,1.8574,2.1323
28/7/2025,1.7849,1.8531,2.1248
29/7/2025,1.8668,1.8497,2.1178
30/7/2025,1.8246,1.8495,2.1105
31/7/2025,1.7516,1.845,2.1056
1/8/2025,1.5817,1.823,2.0879
4/8/2025,1.6645,1.8161,2.0826
5/8/2025,1.6922,1.8098,2.0787
6/8/2025,1.603,1.803,2.0738
7/8/2025,1.6337,1.7978,2.0689
8/8/2025,1.6067,1.7769,2.0535
11/8/2025,1.6123,1.7698,2.0488
12/8/2025,1.3941,1.7602,2.0426
13/8/2025,1.3742,1.7491,2.0363
14/8/2025,1.3053,1.7395,2.0301
15/8/2025,1.1958,1.7088,2.0103
18/8/2025,1.2518,1.6993,2.0032
19/8/2025,1.4948,1.6919,1.9978
20/8/2025,1.7069,1.6873,1.9936
21/8/2025,1.5064,1.6808,1.9888
22/8/2025,1.2648,1.6497,1.9711
25/8/2025,1.1347,1.6375,1.9639
26/8/2025,0.9504,1.6252,1.9559
27/8/2025,0.8668,1.6111,1.946
28/8/2025,0.9728,1.5986,1.9407
29/8/2025,1.0396,1.5638,1.9231
1/9/2025,0.7261,1.5488,1.9134
2/9/2025,0.9315,1.5358,1.9049
3/9/2025,1.4808,1.532,1.9002
4/9/2025,1.4707,1.531,1.8957
5/9/2025,1.7007,1.5387,1.8864
8/9/2025,1.6383,1.5405,1.8836
9/9/2025,1.7149,1.5427,1.8813
10/9/2025,1.4302,1.5389,1.8775
11/9/2025,1.3468,1.5329,1.8732
12/9/2025,1.3736,1.5206,1.8591
15/9/2025,1.3764,1.5165,1.8537
16/9/2025,1.1235,1.5095,1.8468
17/9/2025,1.1218,1.5036,1.8402
18/9/2025,1.1129,1.4959,1.8329
19/9/2025,1.5372,1.4879,1.8166
22/9/2025,1.4201,1.4839,1.8099
23/9/2025,1.3212,1.48,1.8026
24/9/2025,1.218,1.4749,1.7941
25/9/2025,1.318,1.4703,1.7852
26/9/2025,1.3773,1.4599,1.7669
29/9/2025,1.3755,1.4571,1.7627
30/9/2025,1.199,1.4532,1.7553
1/10/2025,1.0402,1.4489,1.75
2/10/2025,1.0847,1.4444,1.7439
3/10/2025,1.2469,1.4356,1.7267
6/10/2025,0.9886,1.4302,1.7194
7/10/2025,1.1621,1.4254,1.7115
8/10/2025,1.243,1.4209,1.7052
9/10/2025,1.5033,1.4196,1.7007
10/10/2025,1.4439,1.4121,1.6865
13/10/2025,1.2878,1.4075,1.6809
14/10/2025,1.2879,1.4034,1.6755
15/10/2025,1.2249,1.4001,1.6696
16/10/2025,1.1306,1.3956,1.6634
17/10/2025,1.3384,1.3966,1.6445
21/10/2025,1.2262,1.3958,1.6394
22/10/2025,1.1649,1.3927,1.634
23/10/2025,1.1507,1.3854,1.6284
24/10/2025,1.2447,1.3641,1.6138
27/10/2025,1.1525,1.3561,1.6086
28/10/2025,0.9414,1.3469,1.6018
29/10/2025,0.9622,1.3371,1.5951
30/10/2025,1.1456,1.3297,1.5927
31/10/2025,1.3515,1.3203,1.5786
3/11/2025,1.0306,1.3143,1.5717
4/11/2025,0.9741,1.3068,1.5644
5/11/2025,0.8707,1.2978,1.5568
6/11/2025,0.8568,1.2897,1.5493
7/11/2025,0.9396,1.2675,1.5287
10/11/2025,1.0879,1.2619,1.5222
11/11/2025,0.9941,1.2551,1.5153
12/11/2025,0.9166,1.2499,1.5079
13/11/2025,1.0034,1.2459,1.5002
14/11/2025,1.0216,1.239,1.4816
17/11/2025,1.2845,1.24,1.4771
18/11/2025,1.1555,1.2389,1.4718
19/11/2025,1.2484,1.2362,1.4667
20/11/2025,1.3935,1.2328,1.4627
21/11/2025,1.6685,1.2434,1.4545
24/11/2025,1.267,1.2434,1.4491
25/11/2025,1.0782,1.2428,1.4427
26/11/2025,1.1713,1.2452,1.4377
27/11/2025,1.27,1.2496,1.4329
28/11/2025,1.0518,1.253,1.4117
1/12/2025,1.0297,1.2564,1.4058
2/12/2025,0.9457,1.2565,1.3993
3/12/2025,0.9624,1.2508,1.3946
4/12/2025,1.0027,1.2456,1.3915
5/12/2025,1.1351,1.2269,1.386
8/12/2025,1.1503,1.2216,1.3843
9/12/2025,1.0664,1.2144,1.3818
10/12/2025,1.0377,1.2101,1.3777
11/12/2025,1.0593,1.2069,1.3731
12/12/2025,1.1768,1.2004,1.3637
15/12/2025,1.1563,1.198,1.3604
16/12/2025,1.2652,1.1995,1.3576
17/12/2025,1.2629,1.2011,1.3554
18/12/2025,1.279,1.2029,1.3525
19/12/2025,1.3529,1.1968,1.3454
22/12/2025,1.329,1.1958,1.3429
23/12/2025,1.2776,1.1954,1.3407
24/12/2025,1.2334,1.1946,1.3354
26/12/2025,1.2221,1.1895,1.3276
29/12/2025,1.3414,1.1891,1.326
30/12/2025,1.3212,1.1906,1.326
31/12/2025,0.8949,1.1857,1.3195
2/1/2026,1.0119,1.1797,1.3111
5/1/2026,1.097,1.1781,1.309
6/1/2026,1.1005,1.1793,1.3069
7/1/2026,1.018,1.1778,1.3037
8/1/2026,1.0286,1.1754,1.3003
9/1/2026,1.0545,1.162,1.2906
12/1/2026,0.9742,1.1569,1.2866
13/1/2026,0.9285,1.153,1.2823
14/1/2026,1.0614,1.1505,1.279
15/1/2026,1.3342,1.1517,1.278
16/1/2026,1.2119,1.1499,1.2751
19/1/2026,0.9821,1.146,1.2732
20/1/2026,0.9284,1.1415,1.2711
21/1/2026,0.9361,1.1383,1.2691
22/1/2026,1.1667,1.1384,1.2675
23/1/2026,1.3741,1.1436,1.2593
